0.177,0.147,0.121,0.103,0.083,0.031,0.028,0.026,0.024,0.023,0.407,0.44,0.475,0.49,0.479,41.94,72.163,120.323,193.82,265.272,5.07,6.504,8.13,10.168,12.174,0.001,0.001,0.001,0.001,0.001,0.924,0.869,0.778,0.635,0.472,1
0.301,0.247,0.207,0.181,0.164,0.07,0.063,0.058,0.056,0.055,0.143,0.157,0.17,0.175,0.171,11.265,19.358,29.913,41.623,48.885,2.646,3.461,4.268,5.046,5.495,0.005,0.004,0.003,0.003,0.003,0.816,0.683,0.506,0.303,0.186,1
0.546,0.442,0.354,0.28,0.202,0.082,0.07,0.061,0.055,0.051,0.109,0.129,0.156,0.176,0.182,2.154,4.238,8.182,14.856,29.14,1.109,1.581,2.203,2.985,4.279,0.007,0.005,0.004,0.003,0.003,0.986,0.972,0.946,0.907,0.836,1
0.472,0.392,0.325,0.28,0.25,0.115,0.103,0.094,0.089,0.087,0.072,0.081,0.091,0.097,0.099,3.407,5.893,9.387,13.641,18.826,1.423,1.889,2.411,2.918,3.404,0.013,0.011,0.009,0.008,0.008,0.87,0.774,0.636,0.462,0.248,1
0.464,0.362,0.286,0.23,0.197,0.093,0.079,0.07,0.065,0.063,0.089,0.104,0.123,0.133,0.135,3.506,7.329,13.476,21.465,30.462,1.451,2.113,2.877,3.667,4.396,0.009,0.006,0.005,0.004,0.004,0.933,0.859,0.736,0.568,0.375,1
0.558,0.458,0.379,0.33,0.298,0.142,0.122,0.109,0.102,0.098,0.052,0.06,0.069,0.071,0.072,1.924,3.749,6.557,9.351,11.607,1.053,1.494,1.991,2.392,2.693,0.02,0.015,0.012,0.01,0.01,0.889,0.784,0.623,0.466,0.343,1
0.504,0.414,0.337,0.278,0.239,0.101,0.088,0.078,0.07,0.065,0.074,0.086,0.098,0.109,0.115,2.746,4.938,8.279,13.493,20.794,1.27,1.73,2.274,2.914,3.589,0.01,0.008,0.006,0.005,0.004,0.938,0.888,0.813,0.696,0.532,1
0.519,0.42,0.338,0.29,0.247,0.114,0.098,0.087,0.081,0.078,0.077,0.092,0.109,0.117,0.113,2.518,5.069,9.279,14.134,19.951,1.211,1.731,2.358,2.908,3.48,0.013,0.01,0.007,0.007,0.006,0.928,0.855,0.734,0.591,0.405,1
0.581,0.485,0.406,0.342,0.294,0.134,0.116,0.103,0.093,0.088,0.067,0.077,0.087,0.091,0.091,1.88,3.609,6.238,9.543,12.796,1.002,1.41,1.874,2.353,2.788,0.018,0.013,0.011,0.009,0.008,0.929,0.864,0.762,0.634,0.511,1
0.559,0.451,0.357,0.286,0.227,0.103,0.088,0.076,0.068,0.064,0.07,0.084,0.1,0.111,0.115,1.961,3.951,7.567,13.538,23.065,1.058,1.534,2.151,2.899,3.815,0.011,0.008,0.006,0.005,0.004,0.965,0.929,0.863,0.754,0.589,1
0.447,0.335,0.246,0.175,0.134,0.073,0.06,0.05,0.043,0.04,0.155,0.184,0.221,0.24,0.244,4.648,11.451,25.447,48.828,84.47,1.608,2.511,3.783,5.39,7.168,0.005,0.004,0.002,0.002,0.002,0.969,0.922,0.825,0.655,0.385,1
0.517,0.414,0.323,0.241,0.151,0.07,0.06,0.053,0.048,0.043,0.136,0.157,0.184,0.207,0.215,2.529,4.986,9.563,19.205,47.662,1.216,1.735,2.431,3.474,5.597,0.005,0.004,0.003,0.002,0.002,0.993,0.986,0.975,0.957,0.913,1
0.562,0.449,0.361,0.313,0.3,0.145,0.124,0.11,0.105,0.103,0.061,0.072,0.085,0.089,0.087,1.932,3.987,7.543,11.28,13.51,1.047,1.538,2.131,2.597,2.814,0.021,0.015,0.012,0.011,0.011,0.905,0.804,0.628,0.439,0.331,1
0.5,0.419,0.35,0.296,0.25,0.107,0.095,0.086,0.08,0.076,0.081,0.093,0.106,0.112,0.113,2.789,4.878,8.09,12.343,18.66,1.283,1.712,2.215,2.75,3.387,0.011,0.009,0.007,0.006,0.006,0.929,0.875,0.789,0.667,0.478,1
0.615,0.523,0.444,0.367,0.274,0.114,0.101,0.091,0.083,0.08,0.061,0.071,0.082,0.089,0.094,1.364,2.419,4.052,6.813,12.255,0.869,1.189,1.559,2.046,2.834,0.013,0.01,0.008,0.007,0.006,0.978,0.961,0.936,0.898,0.846,1
0.55,0.44,0.352,0.296,0.259,0.126,0.107,0.094,0.086,0.081,0.067,0.077,0.087,0.092,0.094,2.147,4.317,7.958,12.274,17.401,1.096,1.595,2.193,2.755,3.281,0.016,0.011,0.009,0.007,0.007,0.916,0.83,0.686,0.516,0.322,1
0.527,0.424,0.344,0.308,0.276,0.131,0.112,0.1,0.096,0.092,0.071,0.083,0.095,0.096,0.091,2.439,5.086,9.179,12.27,15.196,1.185,1.721,2.322,2.695,3.029,0.017,0.013,0.01,0.009,0.009,0.897,0.784,0.609,0.473,0.323,1
0.601,0.501,0.414,0.341,0.276,0.127,0.109,0.096,0.086,0.08,0.056,0.065,0.076,0.084,0.089,1.508,2.898,5.228,8.729,13.886,0.914,1.295,1.763,2.303,2.949,0.016,0.012,0.009,0.007,0.006,0.956,0.915,0.847,0.746,0.599,1
0.527,0.417,0.335,0.287,0.249,0.11,0.093,0.082,0.076,0.074,0.072,0.085,0.098,0.105,0.104,2.341,4.934,9.042,13.302,18.069,1.17,1.72,2.34,2.858,3.37,0.012,0.009,0.007,0.006,0.005,0.937,0.867,0.755,0.634,0.503,1
0.525,0.463,0.413,0.365,0.331,0.153,0.141,0.132,0.125,0.121,0.042,0.047,0.051,0.052,0.053,2.391,3.574,4.988,6.904,8.73,1.183,1.463,1.738,2.063,2.34,0.023,0.02,0.018,0.016,0.015,0.786,0.679,0.55,0.378,0.222,1
0.543,0.439,0.354,0.295,0.243,0.104,0.089,0.079,0.073,0.072,0.08,0.093,0.11,0.12,0.122,2.123,4.225,7.53,11.888,18.601,1.11,1.591,2.152,2.73,3.44,0.011,0.008,0.006,0.005,0.005,0.964,0.927,0.87,0.796,0.697,1
0.549,0.444,0.356,0.282,0.234,0.121,0.103,0.089,0.081,0.077,0.078,0.091,0.105,0.111,0.114,2.428,4.881,8.977,14.644,21.421,1.126,1.632,2.26,2.969,3.645,0.015,0.011,0.008,0.007,0.006,0.935,0.87,0.76,0.608,0.428,1
0.494,0.424,0.369,0.326,0.287,0.127,0.116,0.108,0.102,0.099,0.069,0.078,0.087,0.09,0.09,3.004,4.974,7.712,11.298,14.633,1.32,1.702,2.112,2.543,2.929,0.016,0.013,0.012,0.01,0.01,0.868,0.78,0.656,0.49,0.329,1
0.542,0.436,0.355,0.297,0.253,0.109,0.093,0.083,0.077,0.075,0.08,0.094,0.112,0.121,0.121,2.245,4.431,7.792,12.009,18.416,1.128,1.623,2.179,2.728,3.368,0.012,0.009,0.007,0.006,0.006,0.953,0.907,0.835,0.739,0.603,1
0.586,0.482,0.385,0.317,0.273,0.141,0.121,0.105,0.094,0.09,0.059,0.07,0.083,0.088,0.087,1.682,3.273,6.346,10.686,14.966,0.966,1.382,1.949,2.543,3.024,0.02,0.015,0.011,0.009,0.008,0.924,0.853,0.715,0.521,0.334,1
0.535,0.412,0.32,0.264,0.236,0.115,0.096,0.083,0.076,0.072,0.077,0.092,0.111,0.119,0.119,2.368,5.323,10.36,16.674,23.258,1.158,1.775,2.505,3.188,3.725,0.013,0.009,0.007,0.006,0.005,0.941,0.867,0.739,0.576,0.401,1
0.298,0.236,0.19,0.162,0.14,0.059,0.052,0.047,0.044,0.042,0.175,0.197,0.221,0.232,0.229,11.745,22.152,37.8,59.22,77.021,2.701,3.683,4.778,5.953,6.891,0.004,0.003,0.002,0.002,0.002,0.89,0.791,0.642,0.437,0.271,1
0.477,0.369,0.287,0.224,0.176,0.093,0.079,0.068,0.06,0.055,0.102,0.121,0.142,0.153,0.156,3.365,7.221,14.667,26.71,42.485,1.405,2.073,2.95,4.001,5.152,0.009,0.006,0.005,0.004,0.003,0.942,0.876,0.748,0.541,0.278,1
0.563,0.45,0.357,0.287,0.23,0.108,0.092,0.079,0.07,0.065,0.085,0.101,0.122,0.135,0.138,2.07,4.452,8.739,15.367,24.168,1.055,1.577,2.233,3.001,3.822,0.012,0.008,0.006,0.005,0.004,0.968,0.93,0.863,0.758,0.629,1
0.481,0.37,0.286,0.236,0.205,0.101,0.084,0.073,0.068,0.066,0.103,0.123,0.145,0.152,0.15,3.238,7.464,14.866,23.282,30.722,1.377,2.097,2.97,3.732,4.352,0.01,0.007,0.005,0.005,0.004,0.939,0.86,0.72,0.551,0.382,1
0.581,0.468,0.378,0.328,0.299,0.117,0.099,0.086,0.08,0.076,0.07,0.083,0.098,0.106,0.106,1.743,3.695,6.708,9.874,13.373,0.984,1.463,1.998,2.429,2.807,0.014,0.01,0.007,0.006,0.006,0.96,0.915,0.845,0.77,0.688,1
0.429,0.365,0.315,0.267,0.238,0.095,0.086,0.079,0.073,0.07,0.086,0.095,0.107,0.116,0.119,4.429,6.992,10.588,16.16,20.906,1.637,2.068,2.544,3.143,3.575,0.009,0.007,0.006,0.005,0.005,0.889,0.824,0.733,0.593,0.485,1
0.417,0.339,0.276,0.232,0.215,0.089,0.078,0.07,0.065,0.063,0.093,0.106,0.123,0.132,0.133,4.734,8.54,14.715,22.341,27.858,1.702,2.294,3.008,3.708,4.145,0.008,0.006,0.005,0.004,0.004,0.898,0.815,0.682,0.519,0.405,1
0.385,0.314,0.259,0.219,0.195,0.085,0.076,0.069,0.065,0.062,0.105,0.118,0.133,0.141,0.141,5.987,10.405,17.193,25.13,34.536,1.914,2.535,3.255,3.947,4.609,0.007,0.006,0.005,0.004,0.004,0.866,0.767,0.614,0.433,0.229,1
0.541,0.441,0.361,0.293,0.242,0.095,0.082,0.072,0.067,0.065,0.085,0.1,0.119,0.131,0.133,2.195,4.407,8.183,14.216,22.128,1.124,1.605,2.189,2.894,3.635,0.009,0.007,0.005,0.004,0.004,0.971,0.942,0.893,0.816,0.736,1
0.602,0.505,0.427,0.367,0.335,0.142,0.123,0.109,0.1,0.095,0.064,0.074,0.084,0.088,0.084,1.607,3.126,5.391,8.199,10.657,0.923,1.306,1.734,2.151,2.47,0.02,0.015,0.012,0.01,0.009,0.934,0.871,0.776,0.657,0.546,1
0.529,0.409,0.32,0.251,0.196,0.084,0.07,0.06,0.053,0.048,0.148,0.177,0.218,0.246,0.254,2.457,5.332,10.931,20.728,39.271,1.179,1.78,2.552,3.498,4.763,0.007,0.005,0.004,0.003,0.002,0.985,0.967,0.932,0.87,0.749,1
0.495,0.374,0.278,0.226,0.195,0.099,0.082,0.07,0.065,0.061,0.095,0.115,0.139,0.155,0.155,2.982,7.088,14.952,24.937,38.856,1.317,2.053,3.013,3.875,4.807,0.01,0.007,0.005,0.004,0.004,0.95,0.882,0.75,0.582,0.351,1
0.539,0.434,0.351,0.301,0.272,0.131,0.113,0.1,0.094,0.09,0.059,0.068,0.078,0.082,0.082,2.343,4.631,8.021,11.834,15.56,1.142,1.636,2.197,2.691,3.084,0.017,0.013,0.01,0.009,0.008,0.895,0.791,0.635,0.455,0.283,1
0.511,0.397,0.313,0.255,0.211,0.097,0.082,0.071,0.065,0.062,0.103,0.122,0.144,0.157,0.156,2.806,6.126,11.546,18.577,27.268,1.264,1.891,2.625,3.362,4.123,0.009,0.007,0.005,0.004,0.004,0.955,0.902,0.812,0.689,0.536,1
0.593,0.486,0.389,0.317,0.27,0.129,0.11,0.095,0.085,0.079,0.073,0.087,0.1,0.108,0.107,1.653,3.266,6.249,11.204,16.294,0.948,1.371,1.928,2.584,3.142,0.017,0.012,0.009,0.007,0.006,0.95,0.901,0.811,0.663,0.512,1
0.576,0.466,0.378,0.321,0.31,0.156,0.134,0.119,0.112,0.112,0.049,0.058,0.066,0.07,0.069,1.857,3.745,6.763,10.174,10.804,1.009,1.471,2.008,2.484,2.57,0.024,0.018,0.014,0.013,0.013,0.876,0.75,0.544,0.306,0.242,1
0.557,0.463,0.393,0.333,0.294,0.14,0.122,0.11,0.101,0.097,0.06,0.068,0.077,0.08,0.081,2.007,3.74,6.371,9.814,13.353,1.067,1.478,1.923,2.409,2.829,0.02,0.015,0.012,0.01,0.009,0.895,0.804,0.667,0.489,0.314,1
0.494,0.38,0.3,0.249,0.211,0.108,0.09,0.08,0.073,0.07,0.087,0.103,0.122,0.129,0.129,2.943,6.389,11.917,19.291,26.301,1.314,1.966,2.699,3.442,4.051,0.012,0.008,0.006,0.005,0.005,0.929,0.847,0.716,0.544,0.389,1
0.476,0.386,0.318,0.276,0.25,0.112,0.097,0.088,0.082,0.08,0.082,0.095,0.111,0.118,0.117,3.229,6.151,10.303,15.016,19.806,1.389,1.927,2.512,3.039,3.465,0.012,0.009,0.008,0.007,0.006,0.909,0.827,0.708,0.568,0.414,1
0.529,0.424,0.339,0.283,0.255,0.111,0.095,0.084,0.078,0.075,0.077,0.091,0.108,0.117,0.119,2.354,4.809,8.857,14.12,19.625,1.169,1.694,2.32,2.934,3.424,0.012,0.009,0.007,0.006,0.006,0.946,0.889,0.795,0.673,0.552,1
0.569,0.477,0.401,0.346,0.308,0.146,0.128,0.116,0.108,0.104,0.056,0.066,0.075,0.079,0.077,1.874,3.471,5.852,8.671,11.621,1.026,1.416,1.854,2.279,2.651,0.021,0.016,0.013,0.012,0.011,0.901,0.816,0.688,0.528,0.356,1
0.482,0.383,0.314,0.264,0.225,0.111,0.096,0.086,0.079,0.076,0.07,0.082,0.096,0.102,0.103,3.114,6.0,10.531,16.235,21.367,1.362,1.919,2.541,3.178,3.708,0.012,0.009,0.007,0.006,0.006,0.894,0.796,0.639,0.437,0.26,1
0.635,0.546,0.462,0.374,0.304,0.153,0.135,0.12,0.105,0.096,0.059,0.071,0.084,0.091,0.091,1.268,2.42,4.648,8.284,13.602,0.818,1.142,1.576,2.157,2.804,0.023,0.018,0.014,0.011,0.009,0.954,0.912,0.83,0.699,0.511,1
0.547,0.428,0.332,0.274,0.265,0.138,0.116,0.102,0.096,0.097,0.054,0.065,0.077,0.081,0.079,2.095,4.595,9.239,14.422,15.871,1.1,1.66,2.375,2.998,3.14,0.019,0.014,0.01,0.009,0.009,0.89,0.758,0.51,0.224,0.109,1
0.588,0.467,0.367,0.298,0.239,0.135,0.114,0.098,0.088,0.082,0.061,0.074,0.09,0.099,0.101,1.669,3.624,7.321,13.134,21.325,0.962,1.458,2.092,2.81,3.634,0.018,0.013,0.01,0.008,0.007,0.944,0.878,0.753,0.555,0.285,1
0.256,0.192,0.149,0.112,0.084,0.039,0.033,0.029,0.026,0.024,0.307,0.355,0.413,0.444,0.445,17.586,37.069,71.264,128.987,218.229,3.297,4.741,6.534,8.853,11.619,0.001,0.001,0.001,0.001,0.001,0.958,0.911,0.828,0.682,0.456,1
0.495,0.406,0.335,0.288,0.254,0.114,0.1,0.09,0.084,0.081,0.084,0.097,0.108,0.112,0.109,3.097,5.813,9.792,13.844,18.814,1.333,1.834,2.396,2.88,3.366,0.013,0.01,0.008,0.007,0.007,0.902,0.815,0.685,0.549,0.384,1
0.516,0.426,0.352,0.304,0.276,0.121,0.106,0.096,0.089,0.086,0.067,0.078,0.09,0.097,0.096,2.54,4.678,7.955,12.233,16.21,1.219,1.674,2.198,2.713,3.106,0.015,0.011,0.009,0.008,0.007,0.912,0.839,0.727,0.585,0.455,1
0.491,0.394,0.324,0.278,0.25,0.121,0.104,0.094,0.088,0.087,0.066,0.076,0.085,0.09,0.09,3.001,5.766,9.814,14.205,17.805,1.329,1.87,2.453,2.97,3.337,0.015,0.011,0.009,0.008,0.008,0.868,0.746,0.567,0.369,0.199,1
0.535,0.432,0.347,0.298,0.272,0.121,0.104,0.093,0.087,0.086,0.079,0.092,0.106,0.111,0.11,2.287,4.708,8.658,13.671,17.685,1.147,1.659,2.264,2.827,3.212,0.015,0.011,0.009,0.008,0.007,0.932,0.859,0.734,0.568,0.435,1
0.515,0.391,0.3,0.245,0.213,0.109,0.09,0.077,0.071,0.068,0.077,0.093,0.112,0.123,0.122,2.588,5.997,12.195,20.469,30.351,1.227,1.899,2.725,3.539,4.292,0.012,0.008,0.006,0.005,0.005,0.935,0.848,0.689,0.474,0.217,1
0.538,0.464,0.394,0.339,0.313,0.142,0.128,0.116,0.108,0.105,0.052,0.059,0.069,0.073,0.074,2.184,3.556,5.758,8.743,11.16,1.128,1.458,1.867,2.307,2.602,0.02,0.016,0.014,0.012,0.011,0.865,0.78,0.642,0.454,0.311,1
0.604,0.52,0.457,0.4,0.345,0.152,0.135,0.123,0.114,0.106,0.049,0.056,0.064,0.068,0.069,1.473,2.455,3.836,5.835,8.571,0.904,1.2,1.505,1.86,2.276,0.023,0.018,0.015,0.013,0.011,0.916,0.86,0.781,0.665,0.513,1
0.564,0.451,0.366,0.301,0.249,0.11,0.093,0.081,0.075,0.071,0.073,0.087,0.104,0.111,0.112,1.919,4.0,7.351,11.431,16.693,1.043,1.538,2.101,2.66,3.282,0.012,0.009,0.007,0.006,0.005,0.961,0.918,0.848,0.764,0.667,1
0.531,0.425,0.332,0.268,0.205,0.082,0.069,0.059,0.052,0.046,0.122,0.143,0.171,0.19,0.196,2.588,5.213,10.132,17.998,30.011,1.181,1.716,2.421,3.218,4.278,0.007,0.005,0.003,0.003,0.002,0.982,0.963,0.929,0.874,0.793,1
0.611,0.524,0.443,0.378,0.318,0.116,0.102,0.091,0.085,0.081,0.065,0.076,0.089,0.096,0.096,1.446,2.589,4.448,7.076,11.599,0.888,1.207,1.601,2.029,2.602,0.013,0.01,0.008,0.007,0.007,0.971,0.948,0.911,0.861,0.791,1
0.588,0.498,0.416,0.363,0.337,0.158,0.14,0.126,0.119,0.117,0.051,0.059,0.066,0.068,0.07,1.645,2.953,5.043,7.19,8.648,0.957,1.306,1.735,2.093,2.301,0.025,0.02,0.016,0.014,0.014,0.897,0.814,0.681,0.541,0.445,1
0.515,0.413,0.327,0.268,0.232,0.118,0.101,0.089,0.081,0.078,0.089,0.106,0.124,0.13,0.127,2.569,5.225,10.178,17.898,26.158,1.222,1.761,2.46,3.252,3.913,0.014,0.01,0.008,0.007,0.006,0.926,0.85,0.708,0.489,0.26,1
0.534,0.426,0.333,0.266,0.21,0.099,0.084,0.072,0.064,0.059,0.086,0.102,0.122,0.138,0.143,2.306,4.773,9.112,16.219,27.252,1.149,1.679,2.357,3.161,4.137,0.01,0.007,0.005,0.004,0.003,0.962,0.921,0.849,0.727,0.532,1
0.269,0.217,0.185,0.149,0.114,0.038,0.034,0.031,0.029,0.028,0.313,0.342,0.375,0.395,0.403,19.258,33.563,54.278,81.728,133.451,3.257,4.292,5.378,6.638,8.647,0.001,0.001,0.001,0.001,0.001,0.967,0.942,0.907,0.865,0.807,1
0.147,0.115,0.094,0.078,0.066,0.026,0.024,0.022,0.02,0.02,0.476,0.514,0.555,0.574,0.563,71.742,122.293,198.848,290.539,395.226,6.485,8.444,10.721,13.043,15.256,0.001,0.001,0.0,0.0,0.0,0.893,0.817,0.702,0.561,0.38,1
0.553,0.469,0.411,0.352,0.314,0.15,0.134,0.122,0.114,0.109,0.048,0.055,0.062,0.066,0.066,1.987,3.404,5.266,7.893,10.448,1.072,1.426,1.773,2.191,2.539,0.023,0.018,0.015,0.013,0.012,0.86,0.761,0.632,0.449,0.273,1
0.491,0.384,0.304,0.253,0.219,0.102,0.086,0.076,0.07,0.068,0.081,0.094,0.11,0.123,0.127,3.025,6.361,11.606,19.306,27.104,1.332,1.955,2.667,3.421,4.018,0.01,0.007,0.006,0.005,0.005,0.937,0.867,0.757,0.594,0.43,1
0.489,0.376,0.298,0.252,0.216,0.093,0.078,0.068,0.064,0.062,0.098,0.116,0.137,0.148,0.15,3.033,6.555,12.536,20.141,27.567,1.337,1.995,2.765,3.486,4.117,0.009,0.006,0.005,0.004,0.004,0.956,0.906,0.819,0.708,0.606,1
0.597,0.491,0.41,0.348,0.32,0.154,0.133,0.119,0.11,0.107,0.044,0.053,0.061,0.064,0.065,1.55,3.021,5.354,8.291,10.235,0.928,1.33,1.783,2.241,2.501,0.024,0.018,0.014,0.012,0.011,0.899,0.802,0.647,0.447,0.324,1
0.545,0.466,0.394,0.332,0.296,0.138,0.123,0.111,0.101,0.097,0.048,0.055,0.063,0.067,0.067,2.097,3.478,5.642,8.62,11.331,1.1,1.44,1.857,2.322,2.683,0.019,0.015,0.012,0.01,0.009,0.883,0.805,0.684,0.517,0.355,1
0.499,0.418,0.36,0.307,0.272,0.127,0.113,0.104,0.096,0.092,0.064,0.073,0.082,0.085,0.086,2.901,5.109,7.963,11.713,15.359,1.301,1.734,2.172,2.656,3.069,0.016,0.013,0.011,0.009,0.008,0.869,0.77,0.642,0.477,0.327,1
0.603,0.516,0.44,0.392,0.374,0.171,0.153,0.139,0.133,0.132,0.043,0.05,0.056,0.055,0.054,1.48,2.603,4.245,5.818,6.797,0.908,1.228,1.592,1.882,2.026,0.029,0.023,0.019,0.018,0.018,0.882,0.791,0.653,0.511,0.43,1
0.557,0.463,0.382,0.318,0.286,0.142,0.124,0.11,0.102,0.099,0.059,0.069,0.08,0.087,0.084,1.949,3.648,6.488,10.317,13.959,1.058,1.468,1.972,2.506,2.912,0.02,0.015,0.012,0.01,0.01,0.908,0.827,0.69,0.494,0.282,1
0.45,0.344,0.267,0.221,0.186,0.095,0.08,0.07,0.066,0.064,0.104,0.122,0.144,0.154,0.152,3.844,8.3,15.859,24.345,34.0,1.524,2.262,3.138,3.905,4.643,0.009,0.006,0.005,0.004,0.004,0.932,0.853,0.719,0.562,0.355,1
0.554,0.45,0.364,0.307,0.27,0.13,0.112,0.099,0.092,0.089,0.056,0.065,0.075,0.081,0.082,2.067,4.059,7.152,10.658,14.37,1.081,1.543,2.085,2.577,3.009,0.017,0.013,0.01,0.009,0.008,0.909,0.82,0.68,0.517,0.355,1
0.536,0.429,0.339,0.268,0.234,0.093,0.079,0.069,0.061,0.057,0.101,0.117,0.137,0.148,0.153,2.275,4.58,8.751,15.094,22.336,1.145,1.655,2.309,3.066,3.709,0.009,0.006,0.005,0.004,0.003,0.974,0.948,0.901,0.831,0.756,1
0.508,0.392,0.305,0.249,0.215,0.1,0.084,0.072,0.065,0.062,0.101,0.118,0.136,0.145,0.146,2.928,6.6,13.336,22.956,31.643,1.283,1.939,2.755,3.612,4.289,0.01,0.007,0.005,0.004,0.004,0.945,0.875,0.746,0.556,0.377,1
0.508,0.441,0.397,0.349,0.3,0.118,0.107,0.101,0.095,0.092,0.059,0.065,0.072,0.077,0.077,2.721,4.296,6.063,8.423,11.762,1.257,1.591,1.889,2.249,2.693,0.014,0.011,0.01,0.009,0.008,0.899,0.839,0.771,0.681,0.562,1
0.606,0.498,0.402,0.332,0.276,0.141,0.12,0.104,0.094,0.088,0.063,0.075,0.089,0.096,0.095,1.576,3.238,6.28,10.822,16.172,0.912,1.328,1.863,2.466,3.059,0.02,0.014,0.011,0.009,0.008,0.941,0.878,0.763,0.588,0.376,1
0.417,0.364,0.32,0.282,0.261,0.107,0.099,0.093,0.088,0.086,0.081,0.09,0.098,0.1,0.095,4.814,7.095,10.17,13.532,17.147,1.711,2.079,2.493,2.899,3.253,0.011,0.01,0.009,0.008,0.007,0.806,0.714,0.587,0.436,0.274,1
0.385,0.31,0.248,0.195,0.16,0.06,0.053,0.047,0.043,0.041,0.161,0.184,0.214,0.237,0.239,6.605,11.735,20.268,33.852,59.242,1.95,2.624,3.49,4.543,5.987,0.004,0.003,0.002,0.002,0.002,0.967,0.941,0.899,0.834,0.728,1
0.401,0.329,0.263,0.223,0.19,0.092,0.081,0.074,0.068,0.067,0.095,0.108,0.123,0.132,0.132,5.331,9.067,15.278,24.348,33.425,1.808,2.374,3.107,3.907,4.608,0.008,0.007,0.005,0.005,0.004,0.861,0.764,0.6,0.361,0.122,1
0.566,0.479,0.4,0.335,0.291,0.133,0.117,0.104,0.095,0.09,0.061,0.072,0.084,0.09,0.089,1.845,3.213,5.518,8.772,11.926,1.027,1.38,1.825,2.322,2.741,0.018,0.014,0.011,0.009,0.008,0.924,0.867,0.771,0.634,0.507,1
0.482,0.389,0.31,0.254,0.233,0.103,0.09,0.079,0.072,0.071,0.083,0.096,0.112,0.121,0.121,3.152,6.01,11.023,17.973,21.8,1.364,1.9,2.591,3.336,3.689,0.011,0.008,0.006,0.005,0.005,0.921,0.848,0.719,0.539,0.442,1
0.489,0.388,0.307,0.247,0.2,0.089,0.075,0.065,0.058,0.052,0.103,0.123,0.148,0.167,0.173,2.924,5.88,11.245,19.629,31.351,1.323,1.897,2.633,3.485,4.412,0.008,0.006,0.004,0.003,0.003,0.961,0.921,0.849,0.739,0.591,1
0.51,0.405,0.327,0.267,0.228,0.108,0.093,0.082,0.075,0.07,0.087,0.103,0.123,0.136,0.136,2.762,5.741,10.822,18.248,27.628,1.261,1.833,2.511,3.269,4.045,0.012,0.009,0.007,0.006,0.005,0.939,0.874,0.76,0.592,0.382,1
0.482,0.385,0.307,0.242,0.176,0.069,0.06,0.053,0.049,0.044,0.124,0.144,0.171,0.189,0.197,3.229,6.429,11.682,20.113,39.154,1.377,1.96,2.66,3.509,4.997,0.005,0.004,0.003,0.002,0.002,0.985,0.971,0.948,0.915,0.854,1
0.469,0.359,0.281,0.233,0.208,0.099,0.083,0.073,0.067,0.065,0.086,0.101,0.116,0.12,0.119,3.495,7.666,14.872,23.254,29.964,1.437,2.15,3.001,3.781,4.314,0.01,0.007,0.005,0.005,0.004,0.915,0.813,0.633,0.418,0.247,1
0.613,0.531,0.454,0.39,0.341,0.145,0.129,0.116,0.107,0.105,0.055,0.064,0.072,0.076,0.078,1.422,2.442,3.982,6.13,8.601,0.881,1.176,1.523,1.912,2.286,0.021,0.017,0.014,0.011,0.011,0.938,0.893,0.824,0.73,0.634,1
0.385,0.311,0.256,0.208,0.177,0.072,0.063,0.057,0.051,0.048,0.183,0.206,0.234,0.251,0.247,6.843,12.733,23.512,41.709,63.765,1.974,2.68,3.575,4.668,5.754,0.005,0.004,0.003,0.003,0.002,0.944,0.895,0.806,0.655,0.471,1
0.636,0.546,0.469,0.398,0.349,0.163,0.144,0.129,0.118,0.113,0.045,0.052,0.062,0.066,0.067,1.217,2.166,3.643,5.549,8.112,0.809,1.108,1.452,1.832,2.222,0.027,0.021,0.017,0.014,0.013,0.925,0.865,0.772,0.652,0.493,1
0.562,0.477,0.411,0.36,0.291,0.113,0.1,0.091,0.087,0.086,0.061,0.07,0.08,0.084,0.083,1.907,3.29,5.187,7.359,11.392,1.045,1.395,1.759,2.115,2.7,0.013,0.01,0.008,0.008,0.007,0.955,0.922,0.876,0.829,0.766,1
0.494,0.378,0.286,0.255,0.217,0.085,0.071,0.061,0.057,0.055,0.109,0.13,0.153,0.161,0.163,2.938,6.609,13.08,19.572,28.776,1.315,1.995,2.846,3.421,4.175,0.007,0.005,0.004,0.003,0.003,0.967,0.926,0.852,0.778,0.689,1
0.487,0.367,0.283,0.218,0.154,0.061,0.05,0.043,0.039,0.038,0.165,0.196,0.233,0.256,0.255,3.563,8.329,16.499,29.696,49.832,1.395,2.156,3.08,4.198,5.625,0.004,0.003,0.002,0.002,0.001,0.99,0.976,0.954,0.922,0.892,1
0.56,0.465,0.39,0.331,0.261,0.11,0.096,0.086,0.08,0.077,0.067,0.078,0.092,0.097,0.098,1.984,3.671,5.976,9.104,14.988,1.059,1.468,1.899,2.361,3.102,0.012,0.009,0.007,0.006,0.006,0.961,0.927,0.881,0.821,0.722,1
0.564,0.465,0.388,0.345,0.296,0.109,0.094,0.084,0.08,0.076,0.069,0.081,0.093,0.1,0.103,1.934,3.642,6.21,8.992,12.442,1.044,1.462,1.927,2.317,2.771,0.012,0.009,0.007,0.006,0.006,0.959,0.923,0.868,0.81,0.745,1
0.58,0.499,0.428,0.368,0.314,0.128,0.114,0.104,0.096,0.092,0.066,0.076,0.088,0.097,0.095,1.708,2.876,4.541,6.96,10.628,0.983,1.299,1.651,2.058,2.562,0.016,0.013,0.011,0.009,0.008,0.952,0.919,0.872,0.807,0.712,1
0.555,0.446,0.358,0.29,0.249,0.119,0.101,0.087,0.078,0.073,0.076,0.09,0.106,0.114,0.114,2.021,4.116,7.855,13.524,18.69,1.072,1.561,2.17,2.862,3.404,0.014,0.01,0.008,0.006,0.005,0.943,0.883,0.777,0.617,0.473,1
0.556,0.433,0.322,0.23,0.149,0.078,0.065,0.053,0.045,0.039,0.134,0.162,0.206,0.247,0.278,2.006,4.55,10.475,24.013,56.377,1.068,1.643,2.515,3.838,6.016,0.006,0.004,0.003,0.002,0.002,0.992,0.982,0.959,0.907,0.789,2
0.483,0.366,0.27,0.196,0.131,0.074,0.061,0.051,0.043,0.037,0.124,0.15,0.185,0.217,0.237,3.356,7.879,17.706,38.668,82.872,1.389,2.139,3.226,4.801,7.176,0.005,0.004,0.003,0.002,0.001,0.977,0.947,0.88,0.739,0.437,2
0.459,0.34,0.249,0.182,0.147,0.075,0.061,0.052,0.046,0.043,0.117,0.143,0.177,0.203,0.209,3.624,8.601,18.566,37.539,62.603,1.476,2.295,3.403,4.86,6.273,0.006,0.004,0.003,0.002,0.002,0.97,0.928,0.842,0.677,0.457,2
0.532,0.416,0.325,0.261,0.219,0.105,0.088,0.076,0.068,0.063,0.091,0.11,0.136,0.156,0.163,2.398,5.291,10.878,20.061,32.494,1.169,1.761,2.518,3.394,4.302,0.011,0.008,0.006,0.005,0.004,0.961,0.914,0.824,0.672,0.46,2
0.433,0.319,0.241,0.176,0.134,0.076,0.062,0.053,0.046,0.043,0.131,0.157,0.189,0.211,0.214,4.518,10.613,22.365,40.979,65.374,1.638,2.527,3.67,5.069,6.511,0.006,0.004,0.003,0.002,0.002,0.953,0.89,0.767,0.574,0.328,2
0.473,0.352,0.266,0.197,0.152,0.081,0.068,0.058,0.051,0.047,0.132,0.158,0.194,0.222,0.236,3.562,8.115,17.48,34.92,67.255,1.433,2.201,3.237,4.588,6.338,0.007,0.005,0.003,0.003,0.002,0.971,0.934,0.857,0.709,0.42,2
0.546,0.436,0.336,0.267,0.217,0.113,0.096,0.082,0.073,0.069,0.073,0.087,0.104,0.115,0.119,2.129,4.331,8.657,15.421,24.284,1.105,1.607,2.307,3.106,3.928,0.013,0.009,0.007,0.005,0.005,0.945,0.887,0.773,0.592,0.356,2
0.526,0.413,0.309,0.216,0.12,0.061,0.052,0.045,0.04,0.036,0.153,0.179,0.216,0.244,0.26,2.438,5.108,10.938,24.594,62.383,1.187,1.75,2.593,3.954,6.579,0.004,0.003,0.002,0.002,0.001,0.995,0.991,0.982,0.964,0.932,2
0.464,0.372,0.304,0.253,0.203,0.096,0.083,0.074,0.068,0.064,0.1,0.116,0.136,0.15,0.158,3.55,6.857,11.852,19.234,30.974,1.453,2.034,2.685,3.427,4.388,0.009,0.007,0.005,0.005,0.004,0.938,0.88,0.791,0.658,0.438,2
0.539,0.417,0.308,0.21,0.135,0.072,0.06,0.051,0.044,0.04,0.123,0.146,0.179,0.207,0.222,2.278,5.041,11.56,27.153,62.163,1.138,1.729,2.64,4.106,6.409,0.005,0.004,0.003,0.002,0.002,0.991,0.98,0.956,0.9,0.788,2
0.524,0.41,0.312,0.218,0.168,0.08,0.067,0.056,0.048,0.045,0.119,0.143,0.181,0.216,0.23,2.399,5.187,11.647,25.557,50.202,1.185,1.767,2.645,3.984,5.541,0.006,0.004,0.003,0.002,0.002,0.985,0.967,0.926,0.837,0.68,2
0.416,0.287,0.191,0.124,0.085,0.048,0.038,0.031,0.026,0.023,0.213,0.258,0.322,0.381,0.416,4.774,12.684,31.18,74.717,165.646,1.706,2.818,4.479,7.008,10.522,0.002,0.001,0.001,0.001,0.001,0.992,0.978,0.946,0.87,0.714,2
0.49,0.376,0.286,0.221,0.173,0.086,0.071,0.062,0.055,0.053,0.141,0.169,0.205,0.224,0.223,3.231,7.594,16.141,30.575,52.668,1.358,2.082,3.036,4.217,5.522,0.007,0.005,0.004,0.003,0.003,0.978,0.948,0.888,0.778,0.587,2
0.506,0.389,0.302,0.239,0.187,0.095,0.079,0.068,0.06,0.056,0.09,0.108,0.13,0.145,0.149,2.776,6.054,12.155,21.67,34.976,1.27,1.906,2.714,3.654,4.688,0.009,0.006,0.005,0.004,0.003,0.956,0.904,0.806,0.649,0.43,2
0.516,0.394,0.29,0.229,0.203,0.093,0.077,0.064,0.058,0.056,0.112,0.135,0.165,0.183,0.183,2.62,6.052,13.054,23.144,35.026,1.228,1.898,2.831,3.791,4.576,0.009,0.006,0.004,0.003,0.003,0.97,0.929,0.846,0.722,0.567,2
0.385,0.272,0.183,0.121,0.083,0.044,0.036,0.03,0.026,0.024,0.257,0.304,0.367,0.414,0.432,6.486,15.89,36.842,79.885,165.804,1.969,3.117,4.811,7.22,10.608,0.002,0.001,0.001,0.001,0.001,0.994,0.985,0.967,0.93,0.864,2
0.478,0.367,0.274,0.203,0.152,0.065,0.054,0.046,0.04,0.035,0.144,0.173,0.216,0.258,0.284,3.207,6.918,15.271,33.777,71.728,1.384,2.057,3.052,4.493,6.541,0.004,0.003,0.002,0.002,0.001,0.986,0.971,0.934,0.853,0.682,2
0.57,0.462,0.378,0.325,0.27,0.128,0.109,0.096,0.088,0.083,0.06,0.071,0.083,0.091,0.093,1.878,3.782,6.941,11.36,16.255,1.024,1.485,2.023,2.57,3.136,0.016,0.012,0.009,0.008,0.007,0.933,0.864,0.747,0.578,0.384,2
0.414,0.314,0.239,0.191,0.163,0.08,0.067,0.059,0.054,0.051,0.126,0.149,0.176,0.19,0.189,5.441,12.032,23.474,39.787,53.857,1.755,2.621,3.708,4.843,5.698,0.006,0.005,0.003,0.003,0.003,0.927,0.838,0.683,0.46,0.266,2
0.518,0.413,0.325,0.255,0.218,0.104,0.088,0.077,0.069,0.065,0.084,0.1,0.121,0.136,0.136,2.499,5.118,9.916,17.55,27.002,1.209,1.754,2.455,3.297,4.063,0.011,0.008,0.006,0.005,0.004,0.951,0.9,0.803,0.648,0.453,2
0.486,0.355,0.254,0.183,0.143,0.07,0.057,0.047,0.04,0.037,0.137,0.169,0.218,0.261,0.28,3.281,8.128,18.996,40.043,64.018,1.374,2.197,3.39,4.953,6.347,0.005,0.003,0.002,0.002,0.001,0.983,0.958,0.904,0.8,0.683,2
0.535,0.397,0.277,0.182,0.114,0.059,0.048,0.039,0.033,0.028,0.165,0.202,0.26,0.311,0.345,2.304,5.692,14.425,35.97,94.937,1.145,1.849,2.985,4.78,7.869,0.004,0.002,0.002,0.001,0.001,0.996,0.99,0.976,0.944,0.862,2
0.49,0.388,0.306,0.255,0.215,0.086,0.073,0.064,0.057,0.054,0.094,0.108,0.128,0.144,0.153,3.075,6.102,11.315,18.312,27.387,1.34,1.917,2.633,3.354,4.111,0.007,0.005,0.004,0.003,0.003,0.961,0.922,0.856,0.767,0.66,2
0.486,0.368,0.278,0.21,0.157,0.079,0.066,0.056,0.049,0.044,0.122,0.148,0.185,0.215,0.229,3.183,7.212,15.533,31.55,62.973,1.364,2.08,3.05,4.341,6.169,0.006,0.004,0.003,0.002,0.002,0.975,0.944,0.879,0.753,0.515,2
0.524,0.391,0.285,0.209,0.157,0.066,0.054,0.045,0.038,0.035,0.148,0.18,0.226,0.271,0.302,2.474,5.927,13.448,28.397,57.542,1.197,1.893,2.88,4.214,5.945,0.004,0.003,0.002,0.001,0.001,0.993,0.984,0.965,0.926,0.854,2
0.563,0.442,0.344,0.269,0.207,0.103,0.085,0.073,0.064,0.059,0.084,0.1,0.121,0.14,0.15,1.977,4.16,8.082,15.074,27.886,1.045,1.57,2.228,3.067,4.196,0.011,0.007,0.005,0.004,0.003,0.97,0.938,0.879,0.776,0.592,2
0.498,0.388,0.304,0.229,0.186,0.097,0.082,0.07,0.061,0.056,0.107,0.128,0.153,0.166,0.168,3.113,7.035,14.618,27.624,42.959,1.321,1.991,2.876,4.019,5.084,0.009,0.007,0.005,0.004,0.003,0.953,0.895,0.783,0.592,0.37,2
0.459,0.348,0.265,0.199,0.155,0.085,0.071,0.061,0.053,0.048,0.118,0.14,0.168,0.185,0.188,3.922,8.808,17.986,33.703,56.74,1.506,2.272,3.255,4.513,5.907,0.007,0.005,0.004,0.003,0.002,0.953,0.895,0.784,0.594,0.318,2
0.556,0.437,0.33,0.252,0.201,0.106,0.088,0.074,0.065,0.06,0.072,0.087,0.106,0.121,0.126,1.952,4.255,8.944,17.287,29.15,1.062,1.6,2.355,3.299,4.28,0.011,0.008,0.006,0.004,0.004,0.96,0.914,0.818,0.644,0.397,2
0.533,0.427,0.347,0.279,0.245,0.133,0.114,0.102,0.093,0.091,0.06,0.071,0.081,0.084,0.083,2.321,4.649,8.52,14.186,18.655,1.156,1.666,2.266,2.952,3.419,0.018,0.013,0.01,0.009,0.008,0.886,0.771,0.579,0.294,0.074,2
0.449,0.334,0.256,0.199,0.161,0.073,0.06,0.051,0.046,0.042,0.138,0.164,0.197,0.22,0.232,4.08,9.32,19.107,33.822,55.606,1.547,2.368,3.386,4.526,5.806,0.005,0.004,0.003,0.002,0.002,0.969,0.928,0.853,0.737,0.564,2
0.507,0.384,0.279,0.207,0.158,0.078,0.064,0.053,0.045,0.041,0.125,0.152,0.192,0.222,0.233,2.685,6.327,14.775,30.846,54.264,1.256,1.954,3.004,4.358,5.839,0.006,0.004,0.003,0.002,0.002,0.983,0.96,0.908,0.807,0.661,2
0.49,0.375,0.275,0.197,0.139,0.062,0.052,0.043,0.037,0.032,0.151,0.182,0.226,0.262,0.284,3.028,6.793,14.552,30.114,61.907,1.335,2.024,2.999,4.378,6.325,0.004,0.003,0.002,0.001,0.001,0.989,0.976,0.949,0.895,0.79,2
0.389,0.271,0.189,0.136,0.119,0.057,0.046,0.038,0.033,0.031,0.173,0.208,0.255,0.292,0.305,6.022,14.739,33.922,68.988,112.858,1.912,3.032,4.64,6.642,8.354,0.003,0.002,0.001,0.001,0.001,0.97,0.926,0.83,0.655,0.435,2
0.474,0.35,0.268,0.207,0.158,0.075,0.062,0.053,0.048,0.044,0.118,0.143,0.179,0.203,0.214,3.376,8.184,17.287,31.219,57.657,1.412,2.222,3.209,4.327,5.892,0.006,0.004,0.003,0.002,0.002,0.982,0.956,0.907,0.834,0.709,2
0.573,0.484,0.4,0.329,0.277,0.129,0.114,0.102,0.092,0.087,0.076,0.09,0.109,0.125,0.129,1.757,3.16,5.604,10.708,21.723,1.002,1.366,1.832,2.485,3.356,0.017,0.013,0.01,0.009,0.008,0.966,0.938,0.888,0.777,0.506,2
0.541,0.448,0.364,0.303,0.251,0.094,0.083,0.074,0.068,0.064,0.11,0.127,0.149,0.166,0.175,2.17,4.068,7.238,12.123,21.063,1.121,1.554,2.094,2.705,3.534,0.009,0.007,0.005,0.005,0.004,0.988,0.977,0.959,0.931,0.885,2
0.6,0.469,0.353,0.268,0.219,0.109,0.09,0.075,0.065,0.06,0.068,0.084,0.11,0.133,0.143,1.501,3.446,7.808,16.187,30.051,0.916,1.434,2.183,3.162,4.219,0.012,0.008,0.006,0.004,0.004,0.977,0.947,0.879,0.749,0.533,2
0.477,0.347,0.246,0.177,0.141,0.076,0.061,0.051,0.044,0.041,0.119,0.146,0.185,0.216,0.226,3.328,8.209,19.391,40.566,67.221,1.401,2.238,3.467,5.067,6.538,0.006,0.004,0.003,0.002,0.002,0.975,0.938,0.853,0.692,0.492,2
0.515,0.404,0.307,0.223,0.153,0.074,0.062,0.052,0.044,0.037,0.116,0.14,0.175,0.207,0.23,2.773,6.064,12.877,26.669,53.258,1.249,1.858,2.725,3.99,5.852,0.005,0.004,0.003,0.002,0.001,0.983,0.963,0.923,0.843,0.695,2
0.494,0.383,0.29,0.207,0.142,0.057,0.048,0.041,0.035,0.032,0.169,0.203,0.252,0.294,0.321,3.15,6.966,14.662,30.17,60.02,1.343,2.01,2.934,4.291,6.211,0.003,0.002,0.002,0.001,0.001,0.995,0.988,0.975,0.951,0.911,2
0.464,0.37,0.295,0.244,0.204,0.078,0.067,0.059,0.054,0.051,0.118,0.139,0.163,0.181,0.189,3.508,6.78,12.034,19.938,31.502,1.45,2.036,2.735,3.509,4.406,0.006,0.005,0.004,0.003,0.003,0.967,0.936,0.886,0.811,0.711,2
0.466,0.347,0.265,0.221,0.196,0.089,0.073,0.063,0.057,0.055,0.1,0.12,0.142,0.154,0.157,3.692,8.909,17.588,27.438,37.806,1.461,2.288,3.244,4.049,4.769,0.008,0.005,0.004,0.003,0.003,0.941,0.858,0.721,0.568,0.415,2
0.53,0.428,0.347,0.283,0.218,0.092,0.078,0.069,0.063,0.061,0.092,0.11,0.131,0.139,0.141,2.37,4.816,8.99,14.913,24.598,1.166,1.677,2.3,2.977,3.901,0.008,0.006,0.005,0.004,0.004,0.97,0.94,0.888,0.816,0.711,2
0.557,0.449,0.345,0.251,0.194,0.079,0.067,0.056,0.047,0.042,0.104,0.125,0.155,0.182,0.205,2.104,4.137,8.684,18.196,36.828,1.071,1.548,2.276,3.349,4.718,0.006,0.004,0.003,0.002,0.002,0.987,0.975,0.949,0.894,0.789,2
0.472,0.342,0.248,0.184,0.129,0.05,0.041,0.034,0.03,0.028,0.19,0.233,0.295,0.351,0.387,3.546,8.805,20.292,43.405,90.631,1.438,2.299,3.505,5.095,7.335,0.003,0.002,0.001,0.001,0.001,0.996,0.99,0.976,0.95,0.899,2
0.523,0.414,0.329,0.254,0.199,0.075,0.064,0.056,0.049,0.044,0.132,0.159,0.196,0.233,0.258,2.57,5.49,11.653,23.762,44.106,1.21,1.787,2.583,3.67,5.042,0.006,0.004,0.003,0.002,0.002,0.988,0.974,0.944,0.886,0.786,2
0.5,0.394,0.31,0.244,0.203,0.074,0.063,0.055,0.049,0.046,0.134,0.157,0.187,0.209,0.215,2.893,5.92,11.386,21.055,37.716,1.293,1.878,2.627,3.568,4.68,0.006,0.004,0.003,0.002,0.002,0.985,0.97,0.941,0.892,0.81,2
0.548,0.42,0.311,0.231,0.156,0.072,0.06,0.05,0.042,0.038,0.117,0.144,0.186,0.22,0.232,2.088,4.837,11.682,26.775,55.282,1.096,1.703,2.644,3.983,5.855,0.005,0.004,0.002,0.002,0.001,0.992,0.982,0.957,0.904,0.812,2
0.452,0.348,0.261,0.194,0.147,0.066,0.055,0.047,0.04,0.037,0.152,0.182,0.224,0.261,0.271,4.039,8.881,18.73,37.156,68.288,1.538,2.289,3.334,4.736,6.473,0.004,0.003,0.002,0.002,0.001,0.979,0.954,0.902,0.806,0.634,2
0.521,0.39,0.282,0.201,0.145,0.08,0.066,0.055,0.047,0.042,0.108,0.132,0.167,0.197,0.21,2.502,6.0,13.555,29.213,60.634,1.205,1.899,2.897,4.307,6.293,0.006,0.004,0.003,0.002,0.002,0.98,0.951,0.887,0.752,0.474,2
0.512,0.4,0.315,0.246,0.196,0.076,0.065,0.056,0.05,0.046,0.127,0.152,0.187,0.213,0.226,2.751,5.741,11.128,20.515,36.817,1.246,1.836,2.583,3.53,4.735,0.006,0.004,0.003,0.003,0.002,0.987,0.973,0.947,0.905,0.838,2
0.527,0.395,0.285,0.204,0.124,0.065,0.053,0.044,0.037,0.033,0.143,0.174,0.216,0.252,0.275,2.469,6.089,14.928,35.638,88.077,1.186,1.893,2.967,4.547,7.289,0.004,0.003,0.002,0.001,0.001,0.993,0.983,0.959,0.904,0.773,2
0.476,0.353,0.258,0.187,0.135,0.068,0.056,0.047,0.042,0.038,0.145,0.175,0.216,0.246,0.263,3.451,8.526,19.154,38.266,70.748,1.416,2.242,3.37,4.799,6.675,0.005,0.003,0.002,0.002,0.001,0.984,0.96,0.911,0.825,0.689,2
0.467,0.342,0.239,0.166,0.112,0.057,0.046,0.038,0.033,0.03,0.183,0.222,0.278,0.329,0.354,3.516,8.563,20.706,48.708,113.736,1.444,2.281,3.574,5.512,8.443,0.003,0.002,0.001,0.001,0.001,0.995,0.987,0.97,0.932,0.856,2
0.533,0.41,0.311,0.231,0.186,0.104,0.086,0.073,0.064,0.06,0.087,0.105,0.129,0.145,0.152,2.378,5.338,11.201,21.189,34.362,1.162,1.778,2.611,3.651,4.682,0.011,0.007,0.005,0.004,0.004,0.955,0.899,0.789,0.602,0.346,2
0.445,0.309,0.211,0.155,0.126,0.068,0.054,0.044,0.038,0.037,0.153,0.189,0.237,0.269,0.282,4.385,12.324,30.438,61.192,110.878,1.592,2.687,4.269,6.109,8.095,0.005,0.003,0.002,0.001,0.001,0.975,0.929,0.823,0.643,0.339,2
0.488,0.385,0.297,0.215,0.16,0.087,0.074,0.063,0.054,0.048,0.111,0.132,0.164,0.194,0.203,3.107,6.508,14.021,30.85,58.253,1.349,1.959,2.864,4.277,5.973,0.008,0.005,0.004,0.003,0.002,0.966,0.929,0.848,0.666,0.371,2
0.453,0.347,0.265,0.205,0.157,0.075,0.062,0.054,0.047,0.044,0.124,0.147,0.178,0.201,0.213,4.028,8.748,17.352,31.386,53.817,1.527,2.266,3.218,4.396,5.844,0.006,0.004,0.003,0.002,0.002,0.963,0.921,0.843,0.717,0.524,2
0.505,0.415,0.335,0.274,0.236,0.103,0.09,0.079,0.071,0.067,0.084,0.101,0.119,0.133,0.137,2.668,4.947,8.913,15.238,24.081,1.259,1.728,2.337,3.053,3.756,0.011,0.008,0.006,0.005,0.005,0.945,0.898,0.816,0.684,0.492,2
0.556,0.452,0.351,0.269,0.208,0.103,0.088,0.075,0.065,0.06,0.078,0.094,0.117,0.139,0.149,2.009,4.045,8.016,15.501,28.45,1.07,1.538,2.205,3.106,4.238,0.011,0.008,0.006,0.004,0.004,0.969,0.937,0.874,0.754,0.534,2
0.447,0.304,0.204,0.135,0.081,0.055,0.043,0.035,0.029,0.026,0.169,0.208,0.268,0.328,0.365,4.27,11.798,30.672,76.753,180.931,1.58,2.68,4.368,6.988,10.911,0.003,0.002,0.001,0.001,0.001,0.988,0.966,0.91,0.771,0.439,2
0.492,0.381,0.292,0.22,0.146,0.065,0.055,0.047,0.041,0.037,0.141,0.17,0.209,0.243,0.26,3.0,6.727,13.862,28.115,57.971,1.328,2.0,2.874,4.1,6.093,0.004,0.003,0.002,0.002,0.001,0.989,0.977,0.953,0.908,0.831,2
0.445,0.316,0.214,0.147,0.104,0.062,0.05,0.041,0.034,0.03,0.158,0.192,0.242,0.288,0.312,4.088,10.622,26.443,61.892,135.808,1.563,2.549,4.057,6.229,9.347,0.004,0.002,0.002,0.001,0.001,0.983,0.954,0.883,0.72,0.375,2
0.532,0.414,0.31,0.248,0.2,0.097,0.081,0.069,0.061,0.057,0.091,0.111,0.136,0.153,0.162,2.3,5.073,10.742,19.503,32.782,1.155,1.746,2.571,3.467,4.485,0.009,0.007,0.005,0.004,0.003,0.968,0.93,0.852,0.732,0.553,2
0.524,0.39,0.274,0.182,0.095,0.063,0.051,0.041,0.034,0.029,0.145,0.177,0.229,0.281,0.319,2.523,6.198,15.618,38.633,100.513,1.202,1.925,3.088,4.956,8.384,0.004,0.003,0.002,0.001,0.001,0.993,0.982,0.955,0.887,0.697,2
0.474,0.363,0.276,0.196,0.133,0.076,0.063,0.053,0.045,0.039,0.125,0.147,0.18,0.209,0.226,3.435,7.534,15.774,31.871,62.245,1.417,2.12,3.075,4.45,6.397,0.006,0.004,0.003,0.002,0.002,0.974,0.943,0.88,0.756,0.527,2
0.5,0.397,0.314,0.242,0.183,0.091,0.078,0.068,0.061,0.058,0.12,0.139,0.165,0.183,0.187,3.095,6.483,13.318,26.625,47.107,1.314,1.906,2.702,3.827,5.178,0.008,0.006,0.005,0.004,0.003,0.974,0.946,0.888,0.774,0.603,2
0.48,0.367,0.274,0.204,0.137,0.068,0.057,0.047,0.041,0.036,0.151,0.181,0.224,0.261,0.289,3.312,7.392,15.862,32.517,65.66,1.391,2.099,3.09,4.435,6.5,0.005,0.003,0.002,0.002,0.001,0.987,0.971,0.937,0.873,0.748,2
0.487,0.371,0.263,0.182,0.131,0.068,0.056,0.047,0.04,0.035,0.149,0.181,0.23,0.281,0.313,3.053,6.99,16.251,38.245,93.525,1.344,2.057,3.17,4.878,7.566,0.005,0.003,0.002,0.002,0.001,0.988,0.974,0.938,0.852,0.62,2
0.523,0.389,0.272,0.179,0.104,0.064,0.052,0.042,0.034,0.029,0.149,0.184,0.236,0.287,0.323,2.619,6.655,16.823,42.271,108.963,1.214,1.968,3.172,5.118,8.41,0.004,0.003,0.002,0.001,0.001,0.992,0.979,0.946,0.863,0.642,2
0.463,0.333,0.229,0.163,0.124,0.06,0.048,0.039,0.032,0.029,0.167,0.205,0.262,0.311,0.339,3.995,10.114,24.404,56.211,115.52,1.483,2.391,3.803,5.844,8.354,0.004,0.002,0.001,0.001,0.001,0.986,0.965,0.915,0.808,0.616,2
0.491,0.365,0.255,0.163,0.099,0.062,0.05,0.041,0.034,0.029,0.18,0.219,0.28,0.337,0.371,3.226,8.433,22.709,60.725,165.114,1.358,2.197,3.617,5.97,9.796,0.004,0.003,0.002,0.001,0.001,0.994,0.984,0.956,0.881,0.653,2
0.442,0.321,0.226,0.166,0.128,0.061,0.05,0.042,0.037,0.034,0.182,0.223,0.285,0.339,0.367,4.335,10.895,25.755,55.281,112.386,1.597,2.549,3.937,5.729,8.002,0.004,0.003,0.002,0.001,0.001,0.989,0.973,0.937,0.865,0.732,2
0.477,0.359,0.263,0.188,0.13,0.057,0.047,0.039,0.034,0.03,0.162,0.195,0.239,0.281,0.313,3.477,8.059,17.708,39.278,89.906,1.418,2.181,3.271,4.881,7.368,0.003,0.002,0.002,0.001,0.001,0.993,0.983,0.963,0.92,0.829,2
0.409,0.28,0.189,0.127,0.086,0.053,0.042,0.034,0.029,0.026,0.205,0.249,0.313,0.368,0.403,5.395,14.252,35.086,80.719,167.101,1.791,2.959,4.697,7.183,10.474,0.003,0.002,0.001,0.001,0.001,0.984,0.958,0.897,0.764,0.512,2
0.478,0.362,0.269,0.194,0.149,0.078,0.065,0.054,0.047,0.042,0.129,0.155,0.193,0.221,0.236,3.336,7.891,18.389,40.636,73.958,1.397,2.149,3.246,4.804,6.519,0.006,0.004,0.003,0.002,0.002,0.971,0.932,0.841,0.648,0.362,2
0.556,0.447,0.353,0.272,0.211,0.088,0.074,0.064,0.055,0.049,0.107,0.129,0.157,0.179,0.193,2.061,4.403,9.085,18.157,34.936,1.076,1.587,2.277,3.226,4.516,0.008,0.006,0.004,0.003,0.002,0.983,0.964,0.925,0.851,0.717,2
0.434,0.319,0.235,0.179,0.138,0.064,0.052,0.044,0.039,0.035,0.151,0.182,0.223,0.251,0.26,4.415,10.343,21.723,39.654,73.265,1.626,2.515,3.669,4.97,6.784,0.004,0.003,0.002,0.002,0.001,0.977,0.946,0.887,0.796,0.63,2
0.452,0.326,0.226,0.154,0.105,0.069,0.056,0.047,0.041,0.038,0.155,0.189,0.236,0.269,0.28,3.906,9.929,23.398,50.877,110.428,1.523,2.45,3.81,5.707,8.371,0.005,0.003,0.002,0.002,0.001,0.985,0.961,0.907,0.798,0.546,2
0.39,0.269,0.181,0.12,0.093,0.054,0.043,0.035,0.03,0.027,0.202,0.246,0.311,0.361,0.371,6.028,15.585,39.642,94.934,195.628,1.906,3.096,4.953,7.707,11.022,0.003,0.002,0.001,0.001,0.001,0.979,0.946,0.861,0.662,0.294,2
0.414,0.31,0.243,0.201,0.17,0.078,0.065,0.058,0.053,0.05,0.118,0.14,0.166,0.181,0.185,4.853,10.693,19.357,30.452,42.099,1.721,2.572,3.479,4.379,5.176,0.006,0.004,0.003,0.003,0.002,0.936,0.86,0.746,0.603,0.455,2
0.55,0.453,0.373,0.299,0.232,0.107,0.093,0.082,0.073,0.066,0.08,0.093,0.111,0.125,0.129,2.092,4.032,7.343,12.82,20.618,1.092,1.533,2.074,2.771,3.612,0.012,0.009,0.007,0.005,0.004,0.963,0.929,0.869,0.77,0.623,2
0.518,0.399,0.306,0.255,0.217,0.115,0.096,0.083,0.077,0.074,0.082,0.097,0.115,0.124,0.123,2.604,5.945,11.687,18.524,26.8,1.223,1.871,2.66,3.366,4.071,0.013,0.009,0.007,0.006,0.005,0.928,0.835,0.673,0.475,0.224,2
0.433,0.314,0.226,0.159,0.111,0.062,0.05,0.042,0.036,0.032,0.177,0.216,0.27,0.315,0.344,4.285,10.583,24.048,51.948,111.703,1.609,2.546,3.852,5.708,8.34,0.004,0.003,0.002,0.001,0.001,0.984,0.96,0.909,0.807,0.598,2
0.485,0.359,0.259,0.191,0.148,0.086,0.07,0.058,0.051,0.047,0.105,0.126,0.154,0.171,0.178,3.119,7.328,16.314,32.129,52.443,1.356,2.119,3.204,4.544,5.867,0.007,0.005,0.003,0.003,0.002,0.958,0.902,0.783,0.571,0.301,2
0.488,0.356,0.269,0.19,0.127,0.056,0.045,0.039,0.034,0.03,0.162,0.197,0.247,0.291,0.315,3.262,8.159,18.106,39.535,88.2,1.367,2.195,3.262,4.836,7.344,0.003,0.002,0.001,0.001,0.001,0.994,0.985,0.967,0.933,0.865,2
0.49,0.369,0.279,0.216,0.178,0.079,0.064,0.055,0.048,0.043,0.109,0.132,0.163,0.185,0.196,3.085,7.286,15.223,28.749,47.887,1.343,2.086,3.032,4.164,5.339,0.006,0.004,0.003,0.002,0.002,0.973,0.936,0.866,0.749,0.59,2
0.454,0.346,0.269,0.221,0.189,0.08,0.066,0.057,0.052,0.05,0.112,0.133,0.158,0.172,0.172,3.959,8.753,16.615,26.251,34.425,1.518,2.272,3.158,3.993,4.639,0.006,0.004,0.003,0.003,0.002,0.955,0.9,0.808,0.694,0.595,2
0.473,0.363,0.289,0.237,0.204,0.069,0.058,0.051,0.047,0.044,0.12,0.143,0.173,0.198,0.208,3.313,7.121,13.392,22.394,36.049,1.407,2.084,2.864,3.71,4.603,0.005,0.003,0.003,0.002,0.002,0.985,0.967,0.939,0.901,0.849,2
0.355,0.242,0.174,0.129,0.093,0.051,0.041,0.034,0.03,0.027,0.205,0.248,0.302,0.339,0.353,8.37,21.849,47.26,85.636,153.961,2.208,3.614,5.365,7.293,9.951,0.003,0.002,0.001,0.001,0.001,0.967,0.912,0.809,0.649,0.372,2
0.399,0.277,0.197,0.151,0.106,0.06,0.048,0.04,0.035,0.031,0.172,0.211,0.265,0.306,0.329,6.001,15.884,37.669,76.596,143.345,1.877,3.063,4.694,6.665,9.171,0.004,0.002,0.002,0.001,0.001,0.972,0.926,0.826,0.651,0.366,2
0.443,0.322,0.241,0.176,0.14,0.068,0.055,0.047,0.041,0.037,0.16,0.193,0.236,0.27,0.288,4.354,10.707,23.201,46.728,94.241,1.59,2.516,3.705,5.305,7.388,0.005,0.003,0.002,0.002,0.001,0.979,0.948,0.887,0.773,0.548,2
0.567,0.464,0.371,0.301,0.248,0.115,0.098,0.085,0.075,0.07,0.062,0.073,0.088,0.101,0.11,1.851,3.683,6.97,11.993,18.444,1.025,1.467,2.035,2.703,3.394,0.013,0.01,0.007,0.006,0.005,0.952,0.905,0.821,0.693,0.518,2
0.505,0.386,0.282,0.209,0.152,0.087,0.072,0.06,0.052,0.048,0.106,0.13,0.165,0.188,0.194,2.73,6.389,14.44,28.608,45.736,1.267,1.953,2.964,4.199,5.5,0.008,0.005,0.004,0.003,0.002,0.968,0.925,0.829,0.657,0.452,2
0.448,0.343,0.259,0.203,0.163,0.077,0.064,0.055,0.049,0.045,0.115,0.137,0.166,0.189,0.197,3.867,8.257,16.735,30.713,49.032,1.528,2.255,3.238,4.363,5.588,0.006,0.004,0.003,0.002,0.002,0.959,0.912,0.822,0.669,0.47,2
0.439,0.31,0.213,0.138,0.087,0.054,0.044,0.036,0.03,0.026,0.179,0.219,0.28,0.336,0.365,4.291,11.253,29.147,69.904,153.532,1.594,2.6,4.199,6.602,10.142,0.003,0.002,0.001,0.001,0.001,0.989,0.972,0.927,0.823,0.605,2
0.458,0.344,0.251,0.183,0.145,0.065,0.053,0.045,0.038,0.035,0.142,0.171,0.214,0.252,0.275,3.897,8.951,19.518,39.761,72.072,1.494,2.295,3.429,4.951,6.607,0.004,0.003,0.002,0.001,0.001,0.982,0.96,0.913,0.822,0.68,2
0.382,0.268,0.188,0.142,0.105,0.061,0.049,0.041,0.036,0.034,0.168,0.203,0.249,0.28,0.285,6.395,16.408,36.452,69.941,111.179,1.958,3.163,4.759,6.608,8.513,0.004,0.002,0.002,0.001,0.001,0.96,0.898,0.773,0.566,0.318,2
0.478,0.361,0.268,0.196,0.147,0.074,0.061,0.051,0.044,0.04,0.13,0.155,0.192,0.222,0.238,3.333,7.677,16.784,34.924,63.982,1.397,2.137,3.172,4.596,6.324,0.006,0.004,0.003,0.002,0.002,0.977,0.947,0.884,0.76,0.563,2
0.407,0.293,0.207,0.143,0.086,0.045,0.037,0.032,0.028,0.025,0.208,0.255,0.322,0.385,0.428,5.726,14.626,35.377,81.153,186.497,1.83,2.923,4.537,6.944,10.838,0.002,0.001,0.001,0.001,0.001,0.992,0.98,0.952,0.893,0.767,3
0.521,0.4,0.294,0.206,0.135,0.067,0.056,0.047,0.04,0.036,0.146,0.175,0.219,0.26,0.286,2.635,5.981,13.848,33.8,84.661,1.216,1.868,2.878,4.511,7.207,0.005,0.003,0.002,0.002,0.001,0.994,0.988,0.973,0.94,0.873,3
0.512,0.389,0.284,0.198,0.117,0.062,0.052,0.044,0.038,0.033,0.174,0.207,0.257,0.299,0.328,3.057,7.665,19.302,51.62,156.499,1.289,2.057,3.263,5.373,9.685,0.004,0.003,0.002,0.001,0.001,0.998,0.995,0.988,0.972,0.932,3
0.439,0.316,0.223,0.156,0.12,0.063,0.051,0.042,0.036,0.032,0.163,0.198,0.252,0.301,0.323,4.19,10.111,24.827,58.558,115.967,1.585,2.492,3.91,5.988,8.385,0.004,0.003,0.002,0.001,0.001,0.981,0.954,0.886,0.73,0.471,3
0.476,0.368,0.273,0.197,0.134,0.075,0.062,0.053,0.045,0.041,0.139,0.164,0.198,0.227,0.241,3.705,8.246,17.446,36.234,77.964,1.426,2.131,3.159,4.665,6.92,0.006,0.004,0.003,0.002,0.002,0.976,0.946,0.885,0.755,0.454,3
0.533,0.402,0.285,0.198,0.134,0.054,0.044,0.036,0.03,0.026,0.17,0.211,0.278,0.346,0.398,2.521,6.369,16.255,41.522,102.208,1.182,1.9,3.052,4.892,7.725,0.003,0.002,0.001,0.001,0.001,0.997,0.992,0.979,0.947,0.874,3
0.41,0.275,0.18,0.123,0.088,0.057,0.044,0.035,0.03,0.028,0.189,0.236,0.303,0.351,0.361,5.248,15.205,40.426,93.912,170.489,1.771,3.041,4.983,7.587,10.5,0.003,0.002,0.001,0.001,0.001,0.979,0.939,0.837,0.62,0.293,3
0.53,0.397,0.284,0.195,0.134,0.073,0.059,0.05,0.043,0.038,0.158,0.194,0.249,0.306,0.347,2.435,6.1,15.412,39.647,105.498,1.178,1.893,3.014,4.842,7.891,0.005,0.004,0.002,0.002,0.001,0.995,0.986,0.965,0.909,0.751,3
0.412,0.284,0.189,0.129,0.085,0.047,0.038,0.031,0.027,0.023,0.266,0.316,0.389,0.451,0.486,6.156,18.439,57.96,189.579,615.192,1.861,3.211,5.623,9.962,17.532,0.002,0.001,0.001,0.001,0.001,0.997,0.991,0.973,0.912,0.672,3
0.441,0.316,0.212,0.129,0.076,0.049,0.039,0.031,0.025,0.022,0.203,0.251,0.326,0.403,0.457,4.577,12.288,32.413,87.469,235.162,1.605,2.634,4.342,7.299,12.265,0.002,0.002,0.001,0.001,0.0,0.993,0.98,0.948,0.857,0.61,3
0.564,0.432,0.308,0.221,0.167,0.088,0.072,0.058,0.049,0.043,0.11,0.136,0.177,0.217,0.241,1.983,4.672,11.368,26.82,61.083,1.052,1.659,2.625,4.026,5.947,0.008,0.005,0.003,0.002,0.002,0.985,0.963,0.91,0.786,0.511,3
0.57,0.469,0.376,0.281,0.208,0.089,0.077,0.067,0.058,0.052,0.099,0.117,0.143,0.166,0.175,1.874,3.67,7.323,15.369,31.533,1.025,1.456,2.058,3.002,4.303,0.008,0.006,0.004,0.003,0.003,0.985,0.971,0.942,0.877,0.742,3
0.571,0.42,0.283,0.183,0.12,0.077,0.062,0.049,0.04,0.036,0.144,0.177,0.229,0.274,0.297,1.916,5.041,14.148,38.571,101.622,1.026,1.715,2.922,4.866,7.809,0.006,0.004,0.002,0.002,0.001,0.994,0.984,0.956,0.879,0.661,3
0.491,0.378,0.263,0.171,0.117,0.066,0.055,0.045,0.035,0.03,0.147,0.179,0.234,0.294,0.332,3.023,7.012,18.01,48.811,116.569,1.331,2.037,3.291,5.48,8.572,0.004,0.003,0.002,0.001,0.001,0.988,0.972,0.929,0.811,0.562,3
0.488,0.351,0.239,0.156,0.096,0.053,0.043,0.035,0.03,0.026,0.183,0.222,0.283,0.336,0.377,3.214,8.208,20.866,54.272,143.816,1.358,2.218,3.588,5.847,9.691,0.003,0.002,0.001,0.001,0.001,0.996,0.99,0.975,0.937,0.848,3
0.571,0.443,0.327,0.22,0.143,0.07,0.058,0.048,0.041,0.037,0.128,0.156,0.197,0.23,0.25,2.013,4.559,10.368,23.827,56.934,1.026,1.59,2.464,3.869,6.086,0.005,0.003,0.002,0.002,0.001,0.994,0.988,0.973,0.943,0.884,3
0.488,0.367,0.269,0.184,0.111,0.053,0.044,0.038,0.032,0.029,0.197,0.233,0.286,0.334,0.361,3.63,9.518,25.604,72.749,211.639,1.405,2.249,3.607,6.022,10.533,0.003,0.002,0.001,0.001,0.001,0.997,0.992,0.979,0.943,0.845,3
0.522,0.408,0.305,0.227,0.168,0.083,0.069,0.058,0.049,0.043,0.102,0.124,0.157,0.191,0.212,2.382,5.098,10.974,23.431,48.25,1.185,1.76,2.613,3.833,5.497,0.007,0.005,0.003,0.002,0.002,0.979,0.955,0.903,0.791,0.567,3
0.418,0.294,0.205,0.137,0.09,0.043,0.034,0.028,0.024,0.022,0.223,0.273,0.35,0.423,0.466,5.11,13.333,32.188,73.593,149.579,1.734,2.832,4.437,6.81,9.911,0.002,0.001,0.001,0.001,0.0,0.995,0.986,0.967,0.925,0.85,3
0.459,0.316,0.203,0.12,0.076,0.043,0.034,0.027,0.022,0.02,0.237,0.293,0.377,0.454,0.49,4.112,11.855,34.101,97.326,264.985,1.53,2.625,4.502,7.677,12.711,0.002,0.001,0.001,0.001,0.0,0.997,0.991,0.974,0.928,0.81,3
0.516,0.39,0.28,0.188,0.141,0.07,0.058,0.047,0.039,0.034,0.122,0.149,0.188,0.228,0.261,2.53,5.753,13.445,31.213,65.393,1.219,1.877,2.904,4.485,6.479,0.005,0.003,0.002,0.002,0.001,0.988,0.972,0.935,0.846,0.671,3
0.442,0.328,0.236,0.173,0.128,0.055,0.046,0.038,0.033,0.029,0.177,0.212,0.265,0.314,0.352,4.361,10.004,22.119,47.562,106.536,1.597,2.447,3.676,5.363,7.975,0.003,0.002,0.001,0.001,0.001,0.99,0.976,0.947,0.887,0.751,3
0.546,0.418,0.296,0.198,0.131,0.076,0.063,0.051,0.043,0.038,0.125,0.156,0.206,0.261,0.298,2.155,5.27,13.595,35.453,89.191,1.108,1.756,2.834,4.611,7.429,0.006,0.004,0.003,0.002,0.001,0.991,0.979,0.945,0.856,0.634,3
0.51,0.372,0.255,0.168,0.106,0.066,0.053,0.044,0.037,0.033,0.156,0.191,0.242,0.293,0.328,2.717,7.073,18.585,49.018,126.554,1.254,2.055,3.369,5.504,8.933,0.004,0.003,0.002,0.001,0.001,0.994,0.985,0.962,0.902,0.752,3
0.503,0.38,0.271,0.19,0.122,0.068,0.056,0.045,0.037,0.031,0.136,0.166,0.212,0.255,0.286,2.763,6.548,15.595,36.038,86.046,1.274,1.982,3.089,4.748,7.456,0.005,0.003,0.002,0.001,0.001,0.988,0.971,0.932,0.844,0.633,3
0.491,0.363,0.256,0.178,0.12,0.057,0.047,0.039,0.034,0.03,0.171,0.207,0.263,0.312,0.339,2.971,7.132,17.401,41.952,108.035,1.327,2.089,3.289,5.125,8.155,0.003,0.002,0.002,0.001,0.001,0.996,0.99,0.976,0.946,0.878,3
0.443,0.322,0.227,0.151,0.109,0.058,0.047,0.038,0.032,0.029,0.16,0.196,0.254,0.31,0.341,4.174,10.263,25.482,62.317,139.357,1.571,2.485,3.917,6.156,9.116,0.003,0.002,0.001,0.001,0.001,0.986,0.965,0.913,0.783,0.504,3
0.528,0.421,0.305,0.203,0.116,0.056,0.048,0.041,0.035,0.03,0.174,0.206,0.254,0.303,0.336,2.372,4.991,11.896,32.481,98.793,1.171,1.715,2.675,4.461,8.001,0.003,0.002,0.002,0.001,0.001,0.997,0.994,0.987,0.97,0.923,3
0.466,0.346,0.251,0.186,0.152,0.077,0.063,0.053,0.046,0.044,0.137,0.165,0.206,0.231,0.23,3.419,8.028,17.912,35.808,57.036,1.435,2.223,3.343,4.753,5.993,0.006,0.004,0.003,0.002,0.002,0.975,0.941,0.867,0.727,0.557,3
0.434,0.322,0.228,0.15,0.1,0.047,0.039,0.033,0.028,0.025,0.242,0.289,0.357,0.416,0.446,4.787,11.883,29.672,78.608,221.566,1.664,2.621,4.139,6.769,11.352,0.002,0.002,0.001,0.001,0.001,0.996,0.991,0.978,0.947,0.868,3
0.42,0.303,0.213,0.145,0.093,0.046,0.037,0.03,0.025,0.021,0.22,0.269,0.344,0.416,0.465,5.064,12.402,30.338,74.131,177.06,1.714,2.721,4.268,6.701,10.565,0.002,0.001,0.001,0.001,0.0,0.992,0.98,0.951,0.88,0.72,3
0.593,0.473,0.354,0.248,0.178,0.085,0.071,0.059,0.05,0.045,0.097,0.117,0.148,0.177,0.198,1.628,3.571,8.153,19.762,48.255,0.946,1.438,2.206,3.443,5.356,0.007,0.005,0.003,0.003,0.002,0.992,0.982,0.959,0.902,0.766,3
0.445,0.316,0.22,0.15,0.11,0.061,0.049,0.041,0.035,0.032,0.165,0.202,0.257,0.308,0.33,4.024,10.321,25.435,57.38,110.77,1.556,2.523,3.972,6.003,8.417,0.004,0.002,0.002,0.001,0.001,0.985,0.962,0.906,0.785,0.574,3
0.405,0.273,0.182,0.124,0.087,0.046,0.036,0.03,0.025,0.023,0.214,0.263,0.335,0.403,0.448,5.429,14.806,37.667,89.523,217.102,1.808,3.023,4.867,7.566,11.691,0.002,0.001,0.001,0.001,0.001,0.991,0.976,0.938,0.855,0.643,3
0.39,0.283,0.195,0.134,0.085,0.038,0.031,0.026,0.023,0.02,0.268,0.319,0.395,0.46,0.493,6.147,15.266,37.39,88.908,221.476,1.916,3.019,4.73,7.283,11.615,0.001,0.001,0.001,0.001,0.0,0.996,0.989,0.974,0.943,0.876,3
0.473,0.333,0.234,0.166,0.121,0.051,0.041,0.034,0.029,0.026,0.216,0.267,0.342,0.413,0.452,3.402,8.715,20.882,46.833,96.79,1.42,2.322,3.618,5.457,7.857,0.003,0.002,0.001,0.001,0.001,0.995,0.988,0.971,0.934,0.866,3
0.493,0.36,0.254,0.182,0.126,0.061,0.049,0.04,0.034,0.031,0.175,0.216,0.28,0.342,0.379,3.013,7.622,18.879,44.91,104.766,1.328,2.146,3.394,5.213,7.941,0.004,0.002,0.002,0.001,0.001,0.993,0.984,0.959,0.904,0.785,3
0.474,0.346,0.241,0.161,0.091,0.049,0.039,0.033,0.028,0.025,0.237,0.286,0.355,0.415,0.453,3.776,10.127,26.493,67.435,170.271,1.458,2.391,3.85,6.145,10.006,0.002,0.002,0.001,0.001,0.001,0.996,0.99,0.974,0.935,0.84,3
0.454,0.338,0.249,0.174,0.12,0.05,0.042,0.035,0.03,0.027,0.194,0.234,0.295,0.354,0.392,3.884,9.271,21.971,51.824,118.432,1.517,2.353,3.595,5.487,8.386,0.003,0.002,0.001,0.001,0.001,0.994,0.987,0.969,0.927,0.835,3
0.391,0.274,0.185,0.129,0.107,0.052,0.042,0.034,0.03,0.028,0.183,0.223,0.283,0.334,0.351,5.759,14.646,35.322,71.128,113.739,1.876,3.024,4.753,6.793,8.6,0.003,0.002,0.001,0.001,0.001,0.981,0.952,0.885,0.77,0.64,3
0.535,0.406,0.303,0.224,0.165,0.092,0.076,0.063,0.055,0.05,0.102,0.123,0.155,0.183,0.193,2.296,5.432,12.299,27.035,57.0,1.15,1.803,2.725,4.018,5.776,0.009,0.006,0.004,0.003,0.002,0.977,0.946,0.875,0.719,0.39,3
0.487,0.345,0.236,0.157,0.116,0.059,0.047,0.038,0.031,0.028,0.157,0.196,0.258,0.32,0.355,3.136,8.467,22.16,55.077,112.765,1.355,2.261,3.682,5.839,8.417,0.003,0.002,0.001,0.001,0.001,0.991,0.976,0.939,0.848,0.689,3
0.538,0.412,0.296,0.192,0.126,0.063,0.052,0.043,0.036,0.031,0.151,0.179,0.224,0.275,0.32,2.301,5.365,13.317,35.316,89.132,1.143,1.779,2.813,4.644,7.47,0.004,0.003,0.002,0.001,0.001,0.996,0.99,0.975,0.932,0.829,3
0.507,0.388,0.28,0.19,0.111,0.054,0.045,0.037,0.031,0.026,0.182,0.22,0.281,0.34,0.384,2.943,7.136,18.045,44.952,109.795,1.285,2.002,3.171,5.072,8.286,0.003,0.002,0.001,0.001,0.001,0.996,0.99,0.975,0.939,0.861,3
0.452,0.326,0.224,0.14,0.09,0.044,0.035,0.028,0.023,0.019,0.263,0.324,0.422,0.507,0.534,4.644,13.16,38.446,107.741,260.726,1.599,2.67,4.538,7.729,12.556,0.002,0.001,0.001,0.001,0.0,0.996,0.988,0.966,0.905,0.769,3
0.499,0.368,0.26,0.173,0.115,0.059,0.048,0.039,0.033,0.029,0.188,0.233,0.303,0.375,0.422,3.043,7.692,19.635,49.758,125.195,1.317,2.116,3.379,5.409,8.55,0.003,0.002,0.002,0.001,0.001,0.996,0.99,0.974,0.937,0.85,3
0.564,0.442,0.324,0.217,0.14,0.066,0.056,0.047,0.04,0.035,0.164,0.201,0.259,0.313,0.347,2.309,5.839,15.763,42.744,116.707,1.096,1.753,2.876,4.831,8.264,0.004,0.003,0.002,0.002,0.001,0.998,0.995,0.987,0.968,0.924,3
0.496,0.373,0.269,0.191,0.129,0.057,0.047,0.04,0.035,0.031,0.151,0.182,0.227,0.267,0.301,2.983,7.012,15.722,33.805,75.325,1.316,2.042,3.103,4.606,6.995,0.003,0.002,0.002,0.001,0.001,0.994,0.986,0.97,0.939,0.879,3
0.416,0.296,0.211,0.142,0.105,0.059,0.047,0.039,0.033,0.03,0.174,0.212,0.267,0.316,0.344,4.97,12.572,30.329,66.023,123.221,1.728,2.761,4.287,6.438,8.849,0.003,0.002,0.002,0.001,0.001,0.98,0.95,0.879,0.741,0.527,3
0.496,0.367,0.261,0.175,0.119,0.059,0.049,0.041,0.036,0.031,0.162,0.197,0.254,0.308,0.347,2.917,7.198,17.839,44.272,117.951,1.31,2.087,3.292,5.245,8.627,0.004,0.002,0.002,0.001,0.001,0.995,0.989,0.974,0.939,0.851,3
0.491,0.373,0.269,0.193,0.127,0.047,0.039,0.032,0.027,0.024,0.206,0.25,0.317,0.376,0.411,3.117,7.313,17.126,37.308,79.818,1.345,2.071,3.193,4.793,7.121,0.002,0.002,0.001,0.001,0.001,0.997,0.992,0.982,0.963,0.925,3
0.423,0.299,0.204,0.141,0.1,0.055,0.044,0.036,0.031,0.028,0.18,0.22,0.282,0.333,0.358,4.681,12.091,29.49,64.41,136.894,1.68,2.721,4.282,6.354,9.208,0.003,0.002,0.001,0.001,0.001,0.986,0.964,0.912,0.809,0.603,3
0.505,0.416,0.325,0.234,0.159,0.064,0.056,0.048,0.04,0.035,0.141,0.167,0.211,0.26,0.294,2.73,5.099,10.703,25.451,61.206,1.266,1.741,2.513,3.847,5.947,0.004,0.003,0.002,0.002,0.001,0.991,0.983,0.966,0.921,0.82,3
0.481,0.378,0.283,0.199,0.143,0.053,0.045,0.038,0.032,0.028,0.184,0.22,0.276,0.332,0.373,3.234,6.863,15.075,34.251,78.583,1.38,2.023,3.006,4.55,6.843,0.003,0.002,0.001,0.001,0.001,0.994,0.988,0.974,0.942,0.87,3
0.502,0.396,0.297,0.227,0.162,0.072,0.061,0.051,0.045,0.04,0.124,0.146,0.178,0.203,0.219,2.996,6.297,12.937,25.823,55.303,1.301,1.912,2.782,3.958,5.801,0.005,0.004,0.003,0.002,0.002,0.983,0.965,0.929,0.859,0.708,3
0.504,0.386,0.287,0.202,0.133,0.057,0.048,0.041,0.036,0.031,0.16,0.192,0.244,0.294,0.333,2.856,6.558,16.158,42.618,120.826,1.28,1.96,3.054,4.927,8.445,0.003,0.002,0.002,0.001,0.001,0.996,0.992,0.982,0.955,0.892,3
0.476,0.339,0.235,0.154,0.096,0.053,0.043,0.035,0.029,0.025,0.184,0.228,0.295,0.356,0.398,3.607,9.854,27.846,78.179,205.372,1.44,2.404,4.042,6.81,11.29,0.003,0.002,0.001,0.001,0.001,0.994,0.984,0.953,0.864,0.633,3
0.463,0.347,0.254,0.172,0.113,0.061,0.05,0.042,0.035,0.031,0.171,0.203,0.253,0.297,0.32,3.911,9.415,22.896,55.691,121.284,1.499,2.328,3.609,5.688,8.703,0.004,0.003,0.002,0.001,0.001,0.987,0.967,0.918,0.791,0.525,3
0.448,0.328,0.235,0.172,0.116,0.051,0.041,0.034,0.03,0.027,0.201,0.243,0.304,0.355,0.387,3.889,9.672,23.323,52.656,110.047,1.531,2.424,3.743,5.597,8.212,0.003,0.002,0.001,0.001,0.001,0.994,0.984,0.963,0.92,0.85,3
0.437,0.316,0.223,0.146,0.093,0.044,0.036,0.03,0.026,0.023,0.256,0.309,0.383,0.443,0.47,5.054,12.55,29.566,69.828,176.908,1.65,2.629,4.091,6.389,10.3,0.002,0.001,0.001,0.001,0.001,0.995,0.988,0.973,0.941,0.865,3
0.512,0.401,0.301,0.223,0.151,0.073,0.063,0.055,0.049,0.045,0.124,0.147,0.182,0.216,0.238,2.652,5.69,12.118,26.355,63.117,1.242,1.843,2.71,3.979,6.251,0.005,0.004,0.003,0.002,0.002,0.993,0.985,0.97,0.941,0.879,3
0.465,0.345,0.255,0.193,0.128,0.061,0.051,0.043,0.038,0.034,0.172,0.205,0.253,0.288,0.302,3.924,9.096,19.22,37.028,75.514,1.495,2.307,3.394,4.757,6.923,0.004,0.003,0.002,0.001,0.001,0.989,0.975,0.947,0.903,0.823,3
0.457,0.323,0.217,0.151,0.106,0.049,0.04,0.034,0.029,0.027,0.238,0.284,0.345,0.389,0.416,4.126,11.297,29.225,78.323,231.937,1.539,2.581,4.21,6.96,11.921,0.002,0.002,0.001,0.001,0.001,0.998,0.995,0.989,0.976,0.943,3
0.453,0.322,0.222,0.153,0.108,0.054,0.043,0.034,0.029,0.026,0.189,0.236,0.307,0.363,0.401,3.824,10.082,25.669,56.85,111.865,1.512,2.482,3.981,5.958,8.478,0.003,0.002,0.001,0.001,0.001,0.99,0.975,0.936,0.857,0.712,3
0.576,0.465,0.361,0.271,0.209,0.096,0.081,0.069,0.059,0.052,0.098,0.12,0.15,0.169,0.182,1.82,3.985,8.905,20.219,43.376,1.006,1.503,2.247,3.351,4.824,0.009,0.007,0.005,0.004,0.003,0.982,0.959,0.909,0.788,0.534,3
0.606,0.483,0.366,0.273,0.201,0.089,0.074,0.062,0.054,0.049,0.098,0.119,0.152,0.181,0.191,1.471,3.282,7.535,17.118,35.378,0.899,1.38,2.109,3.188,4.668,0.008,0.006,0.004,0.003,0.002,0.991,0.981,0.957,0.904,0.818,3
0.504,0.396,0.293,0.202,0.129,0.063,0.054,0.045,0.039,0.033,0.136,0.163,0.208,0.255,0.288,2.799,6.152,14.724,36.773,87.953,1.278,1.9,2.928,4.639,7.366,0.004,0.003,0.002,0.001,0.001,0.992,0.982,0.958,0.895,0.758,3
0.52,0.407,0.31,0.235,0.176,0.083,0.07,0.058,0.05,0.046,0.091,0.11,0.14,0.167,0.183,2.422,5.04,10.741,22.578,41.135,1.197,1.758,2.576,3.719,5.024,0.007,0.005,0.003,0.003,0.002,0.978,0.953,0.901,0.795,0.635,3
0.445,0.336,0.238,0.163,0.092,0.049,0.042,0.036,0.031,0.026,0.253,0.301,0.374,0.445,0.491,4.508,10.98,28.451,80.557,246.491,1.61,2.513,4.044,6.795,12.312,0.002,0.002,0.001,0.001,0.001,0.998,0.996,0.99,0.976,0.94,3
0.459,0.326,0.216,0.144,0.1,0.061,0.048,0.039,0.032,0.028,0.178,0.222,0.293,0.361,0.391,3.721,9.975,26.877,68.03,142.634,1.486,2.454,4.042,6.445,9.471,0.004,0.002,0.001,0.001,0.001,0.987,0.964,0.903,0.753,0.485,3
0.485,0.36,0.26,0.189,0.128,0.053,0.043,0.036,0.031,0.027,0.19,0.232,0.294,0.35,0.382,3.304,7.995,18.338,40.153,90.113,1.38,2.176,3.324,4.923,7.506,0.003,0.002,0.001,0.001,0.001,0.995,0.988,0.972,0.94,0.869,3
0.488,0.357,0.248,0.174,0.121,0.047,0.038,0.031,0.027,0.023,0.22,0.27,0.346,0.417,0.467,3.651,10.241,29.117,84.926,263.247,1.407,2.341,3.906,6.535,11.467,0.002,0.001,0.001,0.001,0.001,0.998,0.994,0.985,0.958,0.88,3
0.403,0.292,0.21,0.152,0.117,0.06,0.049,0.042,0.036,0.033,0.182,0.216,0.26,0.294,0.305,5.67,13.997,31.474,66.8,113.171,1.829,2.869,4.284,6.206,8.117,0.004,0.002,0.002,0.001,0.001,0.979,0.947,0.877,0.73,0.529,3
0.432,0.315,0.22,0.155,0.108,0.061,0.05,0.041,0.035,0.03,0.169,0.205,0.258,0.308,0.345,4.538,10.985,26.017,61.593,139.721,1.641,2.578,4.006,6.164,9.345,0.004,0.002,0.002,0.001,0.001,0.982,0.956,0.897,0.758,0.465,3
0.504,0.373,0.265,0.189,0.105,0.058,0.048,0.04,0.035,0.032,0.139,0.167,0.211,0.256,0.289,2.772,6.788,16.683,42.555,115.439,1.274,2.026,3.194,5.075,8.615,0.003,0.002,0.002,0.001,0.001,0.996,0.989,0.975,0.939,0.848,3
0.475,0.345,0.235,0.156,0.108,0.055,0.045,0.037,0.031,0.027,0.185,0.228,0.293,0.352,0.386,3.439,8.659,22.047,52.875,121.025,1.418,2.28,3.683,5.786,8.758,0.003,0.002,0.001,0.001,0.001,0.992,0.98,0.95,0.881,0.735,3
0.454,0.326,0.219,0.149,0.108,0.053,0.042,0.035,0.03,0.027,0.193,0.235,0.296,0.353,0.385,3.958,9.939,23.595,53.982,114.395,1.525,2.453,3.855,5.852,8.584,0.003,0.002,0.001,0.001,0.001,0.993,0.983,0.96,0.908,0.812,3
0.477,0.352,0.243,0.16,0.098,0.057,0.047,0.038,0.031,0.026,0.173,0.211,0.275,0.345,0.4,3.413,8.303,21.563,57.382,153.83,1.412,2.223,3.597,5.903,9.8,0.003,0.002,0.001,0.001,0.001,0.991,0.979,0.945,0.854,0.6,3
0.506,0.387,0.281,0.196,0.141,0.074,0.061,0.05,0.043,0.038,0.124,0.152,0.194,0.229,0.246,2.761,6.349,14.632,32.215,66.8,1.269,1.947,2.987,4.483,6.505,0.006,0.004,0.003,0.002,0.001,0.982,0.959,0.905,0.791,0.574,3
0.48,0.343,0.236,0.162,0.119,0.062,0.05,0.041,0.034,0.03,0.149,0.184,0.241,0.292,0.321,3.316,8.531,21.834,52.441,111.389,1.393,2.274,3.674,5.725,8.339,0.004,0.003,0.002,0.001,0.001,0.987,0.968,0.917,0.799,0.568,3
0.444,0.331,0.243,0.176,0.113,0.055,0.045,0.038,0.032,0.028,0.194,0.233,0.292,0.346,0.373,4.347,10.38,23.425,51.142,108.876,1.591,2.462,3.69,5.493,8.297,0.003,0.002,0.001,0.001,0.001,0.99,0.977,0.948,0.887,0.763,3
0.601,0.484,0.366,0.256,0.162,0.097,0.081,0.066,0.054,0.046,0.116,0.139,0.176,0.209,0.228,1.668,3.939,9.993,25.859,67.696,0.937,1.452,2.303,3.719,6.124,0.009,0.007,0.004,0.003,0.002,0.99,0.976,0.938,0.835,0.549,3
0.459,0.321,0.218,0.144,0.11,0.063,0.051,0.042,0.036,0.033,0.245,0.293,0.359,0.408,0.427,4.856,15.045,48.957,161.287,550.516,1.603,2.799,4.952,8.825,15.946,0.004,0.003,0.002,0.001,0.001,0.998,0.996,0.987,0.96,0.876,3
0.477,0.355,0.251,0.173,0.119,0.052,0.043,0.036,0.031,0.028,0.192,0.229,0.285,0.335,0.364,3.597,8.37,19.369,44.936,111.304,1.408,2.182,3.389,5.254,8.172,0.003,0.002,0.001,0.001,0.001,0.995,0.989,0.976,0.949,0.893,3
0.45,0.32,0.231,0.167,0.126,0.049,0.04,0.033,0.028,0.026,0.197,0.242,0.306,0.357,0.391,4.15,10.764,25.458,53.43,105.812,1.557,2.528,3.878,5.665,7.883,0.002,0.002,0.001,0.001,0.001,0.993,0.983,0.961,0.919,0.848,3
0.394,0.27,0.18,0.119,0.071,0.038,0.03,0.025,0.021,0.018,0.299,0.364,0.457,0.533,0.574,6.041,16.351,42.562,102.921,223.5,1.899,3.151,5.112,8.029,12.16,0.001,0.001,0.001,0.0,0.0,0.995,0.985,0.962,0.91,0.808,3
0.486,0.365,0.267,0.192,0.14,0.07,0.057,0.048,0.041,0.036,0.127,0.154,0.191,0.221,0.243,3.237,7.594,16.431,33.255,65.772,1.362,2.104,3.148,4.569,6.522,0.005,0.003,0.002,0.002,0.001,0.982,0.957,0.908,0.814,0.637,3
0.457,0.332,0.229,0.151,0.098,0.044,0.037,0.031,0.027,0.024,0.246,0.292,0.359,0.412,0.443,4.214,11.557,33.612,105.469,343.155,1.543,2.532,4.233,7.32,13.25,0.002,0.001,0.001,0.001,0.001,0.998,0.996,0.99,0.971,0.916,3
0.418,0.294,0.199,0.134,0.081,0.043,0.035,0.029,0.025,0.022,0.303,0.358,0.435,0.497,0.525,6.933,17.807,44.146,112.892,314.418,1.88,3.077,4.973,8.083,13.923,0.002,0.001,0.001,0.001,0.0,0.997,0.993,0.985,0.966,0.926,3
0.42,0.29,0.186,0.111,0.068,0.047,0.037,0.03,0.025,0.023,0.259,0.312,0.395,0.467,0.502,5.362,15.618,45.958,133.096,367.987,1.761,3.012,5.175,8.818,14.474,0.002,0.001,0.001,0.001,0.001,0.995,0.985,0.953,0.858,0.577,3
0.525,0.395,0.285,0.203,0.129,0.054,0.044,0.037,0.031,0.028,0.18,0.22,0.284,0.344,0.388,2.578,6.422,16.01,37.521,93.143,1.203,1.921,3.038,4.681,7.497,0.003,0.002,0.001,0.001,0.001,0.997,0.993,0.983,0.962,0.909,3
0.383,0.247,0.154,0.101,0.065,0.044,0.035,0.028,0.024,0.022,0.287,0.348,0.433,0.501,0.528,6.305,19.049,55.325,158.599,446.393,1.944,3.414,5.841,9.73,15.962,0.002,0.001,0.001,0.001,0.0,0.997,0.992,0.98,0.947,0.866,3
0.509,0.379,0.274,0.208,0.156,0.058,0.047,0.039,0.034,0.031,0.19,0.229,0.285,0.33,0.358,2.752,6.716,15.419,32.0,65.967,1.262,2.004,3.065,4.409,6.233,0.003,0.002,0.002,0.001,0.001,0.996,0.991,0.98,0.959,0.921,3
0.483,0.361,0.252,0.168,0.095,0.046,0.038,0.032,0.027,0.023,0.219,0.263,0.336,0.409,0.46,3.358,8.335,21.868,60.107,180.249,1.39,2.199,3.569,5.935,10.514,0.002,0.001,0.001,0.001,0.001,0.998,0.995,0.988,0.97,0.923,3
0.459,0.331,0.231,0.167,0.118,0.056,0.045,0.037,0.032,0.028,0.16,0.197,0.257,0.311,0.343,3.74,9.563,24.263,58.028,127.722,1.487,2.399,3.822,5.827,8.67,0.003,0.002,0.001,0.001,0.001,0.991,0.978,0.944,0.866,0.705,3
0.472,0.344,0.246,0.178,0.135,0.068,0.054,0.045,0.039,0.036,0.123,0.152,0.193,0.225,0.236,3.432,8.534,19.4,38.355,70.04,1.424,2.276,3.468,4.912,6.696,0.005,0.003,0.002,0.002,0.001,0.982,0.956,0.9,0.804,0.652,3
0.46,0.33,0.234,0.165,0.122,0.054,0.043,0.036,0.031,0.027,0.181,0.222,0.284,0.332,0.355,3.654,9.595,24.011,53.442,108.812,1.477,2.408,3.794,5.639,8.085,0.003,0.002,0.001,0.001,0.001,0.992,0.98,0.95,0.889,0.776,3
0.418,0.294,0.196,0.12,0.066,0.038,0.031,0.026,0.023,0.02,0.278,0.332,0.413,0.487,0.528,5.351,14.08,37.473,104.933,319.318,1.762,2.876,4.724,8.034,14.261,0.001,0.001,0.001,0.001,0.0,0.998,0.994,0.987,0.968,0.917,3
0.444,0.311,0.207,0.138,0.094,0.046,0.037,0.029,0.024,0.022,0.231,0.286,0.372,0.456,0.503,4.612,12.624,33.082,77.527,149.201,1.617,2.689,4.383,6.841,9.798,0.002,0.001,0.001,0.001,0.0,0.994,0.982,0.954,0.893,0.798,3
0.412,0.28,0.181,0.121,0.092,0.055,0.045,0.037,0.032,0.03,0.24,0.288,0.356,0.414,0.446,5.062,14.279,40.08,112.612,326.662,1.741,2.945,4.942,8.222,13.404,0.003,0.002,0.001,0.001,0.001,0.996,0.988,0.967,0.909,0.719,3
0.559,0.45,0.345,0.25,0.177,0.081,0.068,0.058,0.048,0.041,0.129,0.151,0.182,0.212,0.237,2.191,4.616,9.997,22.882,54.337,1.089,1.605,2.384,3.651,5.693,0.007,0.005,0.003,0.002,0.002,0.99,0.979,0.955,0.895,0.741,4
0.508,0.385,0.283,0.2,0.148,0.086,0.072,0.061,0.053,0.048,0.158,0.185,0.222,0.253,0.262,2.986,7.59,20.487,60.255,171.613,1.292,2.058,3.322,5.555,9.037,0.007,0.005,0.004,0.003,0.002,0.995,0.988,0.971,0.922,0.757,4
0.48,0.35,0.242,0.16,0.12,0.062,0.05,0.04,0.034,0.029,0.178,0.216,0.275,0.328,0.356,3.276,8.38,21.158,51.959,115.531,1.388,2.242,3.577,5.619,8.443,0.004,0.002,0.002,0.001,0.001,0.991,0.976,0.939,0.847,0.655,4
0.513,0.388,0.286,0.208,0.151,0.072,0.059,0.049,0.041,0.036,0.118,0.143,0.183,0.222,0.25,2.675,6.028,13.338,28.985,61.326,1.237,1.901,2.857,4.234,6.117,0.005,0.003,0.002,0.002,0.001,0.985,0.966,0.925,0.838,0.664,4
0.494,0.386,0.3,0.229,0.177,0.074,0.062,0.054,0.048,0.044,0.117,0.138,0.168,0.195,0.21,2.989,6.292,12.27,23.35,44.121,1.323,1.944,2.729,3.78,5.161,0.005,0.004,0.003,0.002,0.002,0.981,0.96,0.922,0.85,0.713,4
0.493,0.375,0.273,0.199,0.133,0.071,0.059,0.049,0.042,0.036,0.158,0.19,0.236,0.276,0.3,3.006,7.18,17.461,41.865,91.951,1.326,2.057,3.183,4.874,7.364,0.005,0.003,0.002,0.002,0.001,0.989,0.974,0.937,0.85,0.674,4
0.494,0.372,0.264,0.168,0.094,0.056,0.046,0.038,0.031,0.027,0.184,0.222,0.282,0.346,0.394,3.281,8.44,22.355,60.754,167.269,1.355,2.166,3.51,5.858,10.034,0.003,0.002,0.001,0.001,0.001,0.995,0.986,0.963,0.899,0.717,4
0.462,0.326,0.217,0.138,0.082,0.051,0.041,0.033,0.027,0.024,0.208,0.257,0.328,0.393,0.431,3.887,10.79,29.564,81.634,230.061,1.499,2.52,4.199,7.074,12.158,0.003,0.002,0.001,0.001,0.001,0.995,0.987,0.965,0.905,0.735,4
0.518,0.397,0.293,0.209,0.146,0.073,0.06,0.051,0.044,0.041,0.128,0.157,0.201,0.243,0.262,2.526,5.779,13.091,28.795,64.848,1.215,1.864,2.827,4.204,6.303,0.005,0.004,0.003,0.002,0.002,0.988,0.972,0.937,0.859,0.674,4
0.601,0.485,0.382,0.278,0.191,0.102,0.086,0.074,0.062,0.055,0.089,0.106,0.129,0.147,0.154,1.752,4.003,8.737,18.305,39.822,0.947,1.444,2.125,3.159,4.803,0.01,0.007,0.005,0.004,0.003,0.984,0.963,0.916,0.82,0.603,4
0.494,0.373,0.275,0.186,0.108,0.068,0.056,0.047,0.039,0.034,0.133,0.159,0.198,0.24,0.273,2.943,6.612,14.527,34.766,85.938,1.316,2.01,3.009,4.724,7.671,0.005,0.003,0.002,0.002,0.001,0.989,0.975,0.945,0.869,0.673,4
0.537,0.459,0.4,0.336,0.26,0.095,0.084,0.077,0.071,0.065,0.075,0.084,0.096,0.106,0.116,2.201,3.686,5.57,8.568,15.381,1.132,1.479,1.831,2.305,3.131,0.009,0.007,0.006,0.005,0.004,0.969,0.949,0.923,0.884,0.805,4
0.583,0.47,0.362,0.271,0.197,0.087,0.074,0.063,0.054,0.046,0.139,0.163,0.197,0.23,0.245,1.865,4.212,9.669,22.71,49.471,0.999,1.511,2.289,3.482,5.17,0.008,0.005,0.004,0.003,0.002,0.994,0.987,0.97,0.93,0.848,4
0.533,0.424,0.319,0.23,0.167,0.079,0.067,0.056,0.047,0.042,0.133,0.158,0.197,0.234,0.25,2.271,4.733,10.425,24.318,54.941,1.148,1.68,2.508,3.83,5.661,0.006,0.005,0.003,0.002,0.002,0.99,0.98,0.956,0.898,0.772,4
0.442,0.31,0.207,0.142,0.094,0.055,0.043,0.034,0.029,0.026,0.2,0.246,0.317,0.381,0.418,4.474,12.544,33.499,81.504,168.876,1.604,2.695,4.442,6.965,10.305,0.003,0.002,0.001,0.001,0.001,0.99,0.971,0.922,0.806,0.572,4
0.532,0.418,0.311,0.205,0.127,0.067,0.056,0.048,0.041,0.036,0.131,0.157,0.195,0.232,0.259,2.375,5.22,11.887,29.415,79.012,1.164,1.744,2.65,4.245,7.042,0.004,0.003,0.002,0.002,0.001,0.995,0.99,0.978,0.95,0.884,4
0.469,0.335,0.225,0.146,0.094,0.058,0.047,0.038,0.031,0.027,0.189,0.232,0.3,0.368,0.406,3.589,9.442,24.681,64.804,158.303,1.451,2.382,3.881,6.34,10.104,0.003,0.002,0.001,0.001,0.001,0.992,0.978,0.94,0.838,0.593,4
0.41,0.298,0.207,0.143,0.102,0.039,0.033,0.028,0.024,0.022,0.267,0.316,0.39,0.458,0.505,5.281,12.819,30.559,75.89,198.168,1.778,2.787,4.316,6.774,10.729,0.002,0.001,0.001,0.001,0.0,0.997,0.993,0.985,0.964,0.911,4
0.451,0.326,0.23,0.16,0.123,0.061,0.05,0.041,0.034,0.03,0.174,0.212,0.268,0.312,0.333,4.143,10.728,26.692,60.069,118.254,1.55,2.5,3.916,5.874,8.315,0.004,0.002,0.002,0.001,0.001,0.982,0.954,0.885,0.737,0.477,4
0.477,0.357,0.258,0.176,0.123,0.065,0.053,0.044,0.037,0.033,0.149,0.181,0.228,0.269,0.288,3.317,7.623,17.508,40.747,92.223,1.4,2.146,3.277,5.071,7.65,0.004,0.003,0.002,0.001,0.001,0.986,0.967,0.922,0.811,0.552,4
0.474,0.342,0.229,0.141,0.087,0.066,0.055,0.047,0.039,0.034,0.234,0.275,0.334,0.386,0.413,4.716,14.688,49.113,172.317,589.231,1.546,2.694,4.902,9.257,17.398,0.004,0.003,0.002,0.002,0.001,0.999,0.997,0.991,0.973,0.913,4
0.455,0.324,0.232,0.163,0.115,0.052,0.042,0.035,0.03,0.026,0.193,0.237,0.306,0.372,0.418,3.816,9.421,22.057,48.879,111.807,1.509,2.41,3.696,5.51,8.209,0.003,0.002,0.001,0.001,0.001,0.993,0.982,0.958,0.908,0.787,4
0.449,0.329,0.226,0.147,0.089,0.051,0.042,0.035,0.029,0.025,0.23,0.277,0.347,0.409,0.448,4.16,10.633,28.344,80.118,250.544,1.559,2.493,4.059,6.85,12.348,0.003,0.002,0.001,0.001,0.001,0.998,0.994,0.986,0.965,0.902,4
0.579,0.477,0.375,0.277,0.206,0.098,0.084,0.073,0.062,0.057,0.1,0.119,0.153,0.189,0.206,1.75,3.55,7.617,17.862,38.361,0.99,1.424,2.082,3.177,4.655,0.01,0.007,0.005,0.004,0.003,0.987,0.974,0.945,0.872,0.725,4
0.609,0.497,0.397,0.295,0.22,0.101,0.087,0.076,0.065,0.058,0.091,0.107,0.134,0.164,0.175,1.484,2.99,6.221,14.564,33.047,0.897,1.316,1.908,2.923,4.378,0.01,0.008,0.006,0.004,0.003,0.989,0.978,0.955,0.895,0.761,4
0.62,0.533,0.439,0.35,0.266,0.137,0.121,0.106,0.093,0.084,0.066,0.075,0.089,0.102,0.111,1.437,2.496,4.571,9.116,19.891,0.867,1.177,1.625,2.306,3.367,0.019,0.015,0.011,0.009,0.007,0.97,0.948,0.904,0.808,0.568,4
0.702,0.59,0.463,0.335,0.244,0.141,0.123,0.104,0.087,0.073,0.142,0.164,0.196,0.225,0.234,1.632,5.05,17.16,59.869,197.641,0.746,1.288,2.302,4.201,7.518,0.02,0.015,0.011,0.008,0.005,0.999,0.996,0.987,0.953,0.828,4
0.426,0.327,0.248,0.175,0.129,0.059,0.05,0.043,0.037,0.033,0.193,0.222,0.267,0.312,0.336,4.801,9.593,19.73,40.994,82.984,1.687,2.411,3.455,5.047,7.171,0.003,0.003,0.002,0.001,0.001,0.988,0.976,0.95,0.898,0.803,4
0.544,0.443,0.359,0.276,0.194,0.102,0.089,0.079,0.071,0.065,0.096,0.112,0.135,0.155,0.163,2.347,4.765,9.349,18.618,39.516,1.136,1.633,2.28,3.253,4.86,0.01,0.008,0.006,0.005,0.004,0.98,0.959,0.921,0.845,0.678,4
0.549,0.421,0.293,0.186,0.113,0.067,0.055,0.045,0.037,0.031,0.152,0.184,0.236,0.288,0.329,2.217,5.367,14.141,38.145,103.89,1.112,1.758,2.893,4.877,8.161,0.004,0.003,0.002,0.001,0.001,0.995,0.989,0.971,0.924,0.797,4
0.567,0.44,0.32,0.22,0.151,0.084,0.069,0.056,0.047,0.04,0.098,0.12,0.155,0.188,0.206,1.872,4.378,10.561,24.518,49.775,1.029,1.605,2.518,3.877,5.666,0.007,0.005,0.003,0.002,0.002,0.987,0.969,0.926,0.828,0.642,4
0.485,0.365,0.261,0.184,0.131,0.06,0.049,0.041,0.035,0.032,0.186,0.225,0.284,0.338,0.37,3.203,7.72,18.901,43.197,86.759,1.366,2.129,3.334,5.045,7.289,0.004,0.002,0.002,0.001,0.001,0.993,0.984,0.962,0.914,0.834,4
0.451,0.321,0.223,0.153,0.107,0.06,0.047,0.039,0.032,0.029,0.169,0.209,0.267,0.317,0.344,4.037,10.729,27.064,64.207,139.027,1.542,2.533,4.032,6.2,9.069,0.004,0.002,0.001,0.001,0.001,0.986,0.963,0.906,0.778,0.527,4
0.41,0.283,0.193,0.136,0.09,0.049,0.039,0.032,0.028,0.024,0.21,0.257,0.32,0.374,0.405,5.235,13.92,32.365,69.537,155.116,1.763,2.924,4.521,6.707,10.083,0.002,0.002,0.001,0.001,0.001,0.988,0.969,0.928,0.847,0.66,4
0.553,0.43,0.317,0.222,0.149,0.064,0.053,0.044,0.037,0.033,0.143,0.173,0.221,0.268,0.297,2.143,4.999,11.913,27.886,59.456,1.094,1.699,2.642,4.081,6.064,0.004,0.003,0.002,0.001,0.001,0.995,0.99,0.976,0.946,0.894,4
0.431,0.319,0.226,0.16,0.117,0.05,0.041,0.034,0.029,0.026,0.19,0.233,0.3,0.365,0.41,4.949,12.524,30.306,70.236,145.02,1.69,2.683,4.177,6.337,9.214,0.003,0.002,0.001,0.001,0.001,0.99,0.975,0.939,0.86,0.714,4
0.467,0.36,0.266,0.194,0.147,0.067,0.056,0.047,0.04,0.036,0.141,0.168,0.212,0.258,0.295,3.651,7.859,17.271,38.365,81.663,1.461,2.159,3.21,4.785,6.953,0.005,0.003,0.002,0.002,0.001,0.987,0.971,0.937,0.862,0.712,4
0.541,0.473,0.383,0.287,0.208,0.07,0.063,0.056,0.049,0.043,0.12,0.136,0.161,0.191,0.215,2.291,3.889,6.967,14.324,34.345,1.13,1.456,1.993,2.926,4.563,0.005,0.004,0.003,0.002,0.002,0.993,0.989,0.98,0.961,0.915,4
0.599,0.477,0.352,0.236,0.13,0.103,0.088,0.073,0.06,0.051,0.161,0.194,0.239,0.277,0.291,2.293,6.429,19.252,58.74,176.497,1.022,1.698,2.934,5.171,9.19,0.011,0.008,0.005,0.004,0.003,0.997,0.993,0.981,0.947,0.848,4
0.433,0.31,0.219,0.154,0.102,0.052,0.042,0.036,0.031,0.028,0.179,0.216,0.273,0.332,0.37,4.469,11.044,26.043,59.606,131.517,1.634,2.6,3.996,6.093,9.212,0.003,0.002,0.001,0.001,0.001,0.991,0.978,0.948,0.884,0.752,4
0.495,0.367,0.263,0.176,0.101,0.067,0.054,0.044,0.036,0.031,0.144,0.173,0.223,0.277,0.309,3.245,8.065,20.382,51.085,119.164,1.347,2.138,3.392,5.436,8.539,0.004,0.003,0.002,0.001,0.001,0.986,0.966,0.915,0.786,0.51,4
0.486,0.375,0.284,0.208,0.143,0.075,0.063,0.053,0.045,0.039,0.137,0.163,0.204,0.241,0.254,3.134,6.976,15.333,34.143,72.357,1.354,2.028,2.984,4.421,6.565,0.006,0.004,0.003,0.002,0.002,0.981,0.959,0.909,0.795,0.559,4
0.415,0.278,0.184,0.123,0.089,0.048,0.037,0.031,0.026,0.025,0.196,0.245,0.315,0.375,0.408,5.094,14.544,37.526,82.571,159.417,1.744,2.984,4.835,7.254,10.109,0.002,0.001,0.001,0.001,0.001,0.991,0.973,0.931,0.85,0.726,4
0.46,0.334,0.237,0.166,0.114,0.058,0.048,0.042,0.037,0.034,0.203,0.241,0.29,0.324,0.344,3.947,10.329,26.167,67.489,191.981,1.506,2.437,3.859,6.192,10.499,0.003,0.002,0.002,0.001,0.001,0.997,0.992,0.983,0.963,0.915,4
0.577,0.484,0.387,0.29,0.206,0.098,0.085,0.073,0.063,0.054,0.075,0.088,0.109,0.13,0.143,1.765,3.307,6.549,13.914,32.636,0.989,1.372,1.959,2.886,4.458,0.01,0.007,0.005,0.004,0.003,0.98,0.963,0.928,0.848,0.651,4
0.489,0.363,0.266,0.198,0.142,0.077,0.063,0.054,0.047,0.044,0.13,0.158,0.198,0.231,0.247,3.174,7.605,16.959,34.647,66.024,1.354,2.133,3.204,4.615,6.452,0.006,0.004,0.003,0.002,0.002,0.98,0.952,0.892,0.778,0.572,4
0.473,0.334,0.219,0.134,0.087,0.048,0.039,0.032,0.028,0.025,0.209,0.255,0.325,0.38,0.412,3.248,8.703,23.365,60.221,154.133,1.399,2.327,3.868,6.329,10.222,0.002,0.002,0.001,0.001,0.001,0.997,0.993,0.982,0.958,0.914,4
0.593,0.495,0.404,0.313,0.221,0.093,0.08,0.069,0.059,0.051,0.088,0.104,0.129,0.155,0.171,1.592,2.996,5.705,11.504,23.78,0.942,1.321,1.831,2.614,3.86,0.009,0.006,0.005,0.004,0.003,0.986,0.973,0.949,0.898,0.789,4
0.449,0.326,0.236,0.171,0.121,0.06,0.049,0.041,0.035,0.031,0.157,0.19,0.241,0.283,0.304,4.053,9.547,21.375,44.208,83.757,1.55,2.419,3.635,5.252,7.367,0.004,0.002,0.002,0.001,0.001,0.985,0.964,0.921,0.839,0.704,4
0.524,0.442,0.352,0.265,0.185,0.077,0.07,0.063,0.057,0.05,0.186,0.218,0.271,0.326,0.364,3.211,6.817,16.981,48.88,143.149,1.282,1.813,2.745,4.498,7.736,0.006,0.005,0.004,0.003,0.003,0.996,0.991,0.979,0.942,0.84,4
0.558,0.452,0.337,0.232,0.138,0.088,0.075,0.062,0.05,0.041,0.108,0.126,0.154,0.184,0.209,2.067,4.201,9.655,24.629,67.132,1.073,1.556,2.391,3.861,6.559,0.008,0.006,0.004,0.003,0.002,0.986,0.971,0.934,0.828,0.511,4
0.609,0.521,0.426,0.312,0.192,0.108,0.096,0.085,0.073,0.065,0.098,0.113,0.136,0.158,0.173,1.791,3.643,8.091,18.575,41.361,0.932,1.314,1.922,2.973,4.846,0.012,0.009,0.007,0.005,0.004,0.986,0.97,0.931,0.832,0.615,4
0.44,0.323,0.229,0.153,0.114,0.059,0.048,0.04,0.033,0.03,0.165,0.202,0.261,0.319,0.348,4.105,9.994,23.86,55.057,123.941,1.573,2.469,3.831,5.869,8.654,0.003,0.002,0.002,0.001,0.001,0.985,0.964,0.913,0.793,0.514,4
0.471,0.344,0.243,0.16,0.103,0.058,0.048,0.039,0.033,0.029,0.169,0.206,0.267,0.322,0.346,3.437,8.526,21.787,55.366,129.967,1.427,2.275,3.637,5.821,9.033,0.003,0.002,0.002,0.001,0.001,0.991,0.978,0.945,0.859,0.668,4
0.463,0.328,0.208,0.131,0.073,0.049,0.039,0.03,0.024,0.02,0.222,0.273,0.357,0.441,0.502,3.781,10.381,31.267,94.38,268.022,1.483,2.473,4.318,7.547,13.046,0.002,0.001,0.001,0.001,0.0,0.995,0.987,0.96,0.879,0.661,4
0.488,0.357,0.26,0.178,0.125,0.061,0.049,0.04,0.033,0.029,0.153,0.186,0.24,0.294,0.324,3.084,7.725,18.672,44.259,99.342,1.346,2.161,3.349,5.155,7.781,0.004,0.002,0.002,0.001,0.001,0.992,0.98,0.953,0.888,0.749,4
0.471,0.343,0.239,0.162,0.126,0.072,0.059,0.048,0.041,0.037,0.138,0.168,0.213,0.251,0.266,3.432,8.423,20.134,46.079,97.965,1.426,2.265,3.543,5.414,7.794,0.005,0.003,0.002,0.002,0.001,0.976,0.941,0.856,0.659,0.252,4
0.462,0.335,0.229,0.138,0.088,0.051,0.042,0.034,0.028,0.024,0.182,0.219,0.28,0.345,0.391,3.791,9.466,24.203,63.307,154.225,1.485,2.376,3.847,6.406,10.226,0.003,0.002,0.001,0.001,0.001,0.993,0.984,0.959,0.892,0.735,4
0.425,0.303,0.203,0.127,0.082,0.048,0.039,0.031,0.026,0.022,0.223,0.271,0.345,0.413,0.456,4.969,13.262,35.388,90.554,208.267,1.7,2.768,4.532,7.386,11.576,0.002,0.002,0.001,0.001,0.0,0.992,0.979,0.944,0.855,0.667,4
0.563,0.457,0.369,0.288,0.213,0.105,0.091,0.08,0.072,0.067,0.083,0.099,0.12,0.136,0.143,2.01,3.987,7.686,15.002,28.719,1.045,1.51,2.114,2.982,4.201,0.011,0.008,0.006,0.005,0.005,0.979,0.958,0.919,0.845,0.719,4
0.495,0.351,0.229,0.139,0.073,0.056,0.045,0.036,0.03,0.026,0.199,0.246,0.319,0.389,0.43,3.357,9.557,27.903,80.701,234.082,1.365,2.328,4.008,6.956,12.183,0.003,0.002,0.001,0.001,0.001,0.997,0.992,0.977,0.936,0.826,4
0.569,0.464,0.352,0.249,0.16,0.083,0.071,0.061,0.051,0.044,0.116,0.139,0.175,0.212,0.234,1.97,4.516,11.168,29.09,75.015,1.04,1.56,2.429,3.919,6.457,0.007,0.005,0.004,0.003,0.002,0.991,0.979,0.947,0.86,0.632,4
0.501,0.41,0.33,0.266,0.213,0.098,0.085,0.075,0.068,0.064,0.103,0.121,0.148,0.17,0.173,2.973,5.771,10.864,20.305,36.134,1.303,1.821,2.489,3.377,4.474,0.01,0.007,0.006,0.005,0.004,0.959,0.921,0.852,0.72,0.487,4
0.541,0.446,0.361,0.284,0.212,0.093,0.081,0.071,0.063,0.057,0.091,0.106,0.128,0.144,0.151,2.181,4.133,7.596,14.274,28.083,1.122,1.564,2.136,2.944,4.145,0.009,0.006,0.005,0.004,0.003,0.973,0.948,0.904,0.815,0.622,4
0.499,0.385,0.287,0.221,0.172,0.084,0.07,0.059,0.051,0.048,0.109,0.133,0.169,0.199,0.208,2.869,6.533,14.659,31.062,50.965,1.294,1.966,2.946,4.252,5.499,0.007,0.005,0.003,0.003,0.002,0.973,0.939,0.864,0.714,0.539,4
0.476,0.36,0.273,0.206,0.155,0.071,0.059,0.051,0.045,0.041,0.126,0.152,0.186,0.209,0.218,3.236,7.332,15.022,28.489,51.606,1.392,2.118,3.045,4.228,5.756,0.005,0.003,0.003,0.002,0.002,0.979,0.953,0.902,0.815,0.677,4
0.512,0.391,0.285,0.201,0.136,0.064,0.053,0.045,0.038,0.033,0.157,0.191,0.244,0.294,0.33,2.646,6.021,14.26,34.156,83.363,1.242,1.902,2.933,4.544,7.113,0.004,0.003,0.002,0.001,0.001,0.993,0.984,0.962,0.911,0.785,4
0.422,0.294,0.204,0.139,0.085,0.059,0.047,0.038,0.032,0.028,0.164,0.202,0.262,0.322,0.358,4.574,11.89,29.056,69.947,165.349,1.67,2.729,4.299,6.718,10.456,0.003,0.002,0.001,0.001,0.001,0.981,0.951,0.882,0.718,0.351,4
0.484,0.361,0.253,0.175,0.115,0.053,0.044,0.036,0.03,0.026,0.199,0.24,0.303,0.367,0.409,3.788,9.367,21.588,48.861,114.658,1.411,2.226,3.467,5.345,8.334,0.003,0.002,0.001,0.001,0.001,0.994,0.985,0.966,0.922,0.816,4
0.557,0.428,0.306,0.206,0.129,0.066,0.056,0.047,0.039,0.034,0.175,0.212,0.271,0.327,0.36,2.162,5.436,14.94,43.089,135.997,1.089,1.743,2.889,4.896,8.735,0.004,0.003,0.002,0.002,0.001,0.998,0.996,0.989,0.973,0.925,4
0.279,0.232,0.189,0.141,0.082,0.128,0.12,0.11,0.09,0.057,0.567,0.606,0.651,0.676,0.663,39.305,73.995,145.802,344.723,899.127,4.599,6.371,9.086,14.351,24.052,0.016,0.014,0.012,0.008,0.003,0.993,0.988,0.977,0.949,0.877,4
0.428,0.298,0.208,0.139,0.09,0.05,0.04,0.034,0.029,0.026,0.207,0.249,0.311,0.365,0.391,5.062,12.666,28.97,65.775,148.67,1.686,2.723,4.208,6.453,9.868,0.002,0.002,0.001,0.001,0.001,0.99,0.975,0.945,0.876,0.728,4
0.489,0.37,0.275,0.203,0.146,0.072,0.061,0.052,0.045,0.041,0.137,0.165,0.205,0.241,0.265,3.178,7.317,16.08,33.63,68.261,1.351,2.07,3.087,4.5,6.398,0.005,0.004,0.003,0.002,0.002,0.986,0.969,0.932,0.859,0.725,4
0.527,0.415,0.316,0.214,0.139,0.072,0.06,0.051,0.042,0.036,0.126,0.153,0.195,0.246,0.287,2.476,5.324,11.637,27.882,68.53,1.19,1.768,2.624,4.113,6.568,0.005,0.004,0.003,0.002,0.001,0.989,0.976,0.948,0.877,0.7,4
0.5,0.394,0.302,0.207,0.128,0.067,0.057,0.05,0.044,0.039,0.145,0.17,0.204,0.233,0.251,2.821,5.638,11.452,25.815,64.685,1.287,1.849,2.66,4.057,6.559,0.004,0.003,0.003,0.002,0.002,0.991,0.983,0.968,0.933,0.85,4
0.47,0.376,0.287,0.201,0.126,0.059,0.051,0.044,0.037,0.031,0.166,0.195,0.243,0.29,0.322,3.798,7.909,18.077,45.547,122.536,1.466,2.11,3.168,5.048,8.465,0.003,0.003,0.002,0.001,0.001,0.993,0.985,0.966,0.918,0.79,4
0.507,0.374,0.274,0.192,0.142,0.07,0.057,0.048,0.042,0.038,0.16,0.195,0.244,0.289,0.312,3.024,7.469,17.392,38.89,88.596,1.301,2.08,3.192,4.829,7.391,0.005,0.003,0.002,0.002,0.001,0.993,0.983,0.96,0.912,0.81,4
0.611,0.52,0.429,0.339,0.257,0.118,0.104,0.091,0.081,0.074,0.077,0.088,0.105,0.122,0.132,1.521,2.675,4.922,9.542,18.156,0.896,1.225,1.687,2.366,3.296,0.014,0.011,0.008,0.007,0.005,0.983,0.97,0.946,0.898,0.82,4
0.519,0.396,0.282,0.186,0.111,0.079,0.068,0.057,0.047,0.042,0.22,0.262,0.326,0.381,0.404,3.489,10.037,31.649,106.238,375.213,1.333,2.249,3.986,7.411,14.362,0.006,0.005,0.003,0.002,0.002,0.999,0.997,0.991,0.974,0.916,4
0.414,0.285,0.185,0.118,0.081,0.046,0.036,0.029,0.024,0.021,0.238,0.294,0.376,0.448,0.496,5.044,13.846,35.689,87.793,202.048,1.741,2.914,4.758,7.58,11.403,0.002,0.001,0.001,0.001,0.0,0.991,0.977,0.94,0.853,0.66,4
0.594,0.505,0.42,0.343,0.28,0.141,0.124,0.11,0.098,0.091,0.055,0.064,0.077,0.086,0.088,1.58,2.862,4.953,8.672,14.179,0.935,1.281,1.711,2.284,2.953,0.02,0.015,0.012,0.01,0.008,0.933,0.878,0.789,0.63,0.383,4
0.493,0.371,0.266,0.18,0.12,0.051,0.042,0.035,0.03,0.026,0.211,0.251,0.31,0.361,0.391,3.234,7.605,17.871,43.129,108.601,1.341,2.089,3.236,5.089,8.137,0.003,0.002,0.001,0.001,0.001,0.997,0.992,0.981,0.954,0.881,4
0.453,0.332,0.249,0.18,0.139,0.067,0.055,0.046,0.04,0.036,0.132,0.159,0.2,0.239,0.256,3.874,8.876,19.256,39.38,68.732,1.513,2.336,3.441,4.951,6.573,0.005,0.003,0.002,0.002,0.001,0.977,0.948,0.887,0.77,0.605,4
0.58,0.454,0.336,0.222,0.14,0.067,0.057,0.048,0.04,0.034,0.153,0.183,0.23,0.275,0.315,1.938,4.533,11.147,29.672,89.41,1.017,1.595,2.542,4.243,7.38,0.004,0.003,0.002,0.002,0.001,0.998,0.995,0.988,0.971,0.921,4
0.478,0.359,0.267,0.193,0.134,0.06,0.049,0.041,0.035,0.03,0.157,0.192,0.244,0.296,0.327,3.333,8.055,18.083,38.373,70.574,1.399,2.183,3.268,4.801,6.708,0.004,0.002,0.002,0.001,0.001,0.989,0.975,0.943,0.881,0.787,4
0.498,0.372,0.259,0.176,0.123,0.054,0.044,0.036,0.03,0.026,0.188,0.231,0.301,0.378,0.433,3.226,8.516,22.956,60.885,144.6,1.343,2.189,3.617,5.949,9.284,0.003,0.002,0.001,0.001,0.001,0.995,0.988,0.968,0.914,0.797,4
0.493,0.355,0.232,0.15,0.114,0.064,0.051,0.041,0.035,0.032,0.178,0.215,0.27,0.313,0.336,3.222,8.546,22.529,58.051,138.364,1.346,2.228,3.694,5.99,9.248,0.004,0.003,0.002,0.001,0.001,0.991,0.977,0.941,0.846,0.623,4
0.473,0.353,0.256,0.179,0.128,0.059,0.049,0.041,0.035,0.032,0.175,0.21,0.261,0.305,0.324,3.495,8.337,19.792,48.685,117.115,1.427,2.225,3.429,5.359,8.312,0.003,0.002,0.002,0.001,0.001,0.992,0.98,0.952,0.881,0.71,4
0.543,0.431,0.333,0.239,0.153,0.075,0.063,0.054,0.045,0.037,0.122,0.148,0.188,0.229,0.259,2.16,4.658,10.356,24.126,61.071,1.114,1.653,2.454,3.77,6.182,0.006,0.004,0.003,0.002,0.001,0.989,0.977,0.949,0.882,0.706,4
0.524,0.436,0.362,0.287,0.239,0.093,0.082,0.074,0.068,0.067,0.098,0.114,0.138,0.155,0.159,2.361,4.348,7.815,14.075,25.569,1.178,1.612,2.152,2.89,3.795,0.009,0.007,0.005,0.005,0.004,0.979,0.962,0.933,0.884,0.813,4
0.537,0.421,0.318,0.223,0.151,0.081,0.068,0.057,0.048,0.041,0.128,0.157,0.203,0.243,0.266,2.316,5.036,11.193,25.262,56.415,1.148,1.721,2.577,3.924,5.935,0.006,0.005,0.003,0.002,0.002,0.987,0.972,0.939,0.863,0.697,4
0.58,0.457,0.35,0.26,0.182,0.087,0.072,0.06,0.051,0.044,0.086,0.106,0.136,0.167,0.185,1.706,3.818,8.358,17.369,33.953,0.981,1.501,2.237,3.265,4.666,0.008,0.005,0.004,0.003,0.002,0.986,0.969,0.931,0.857,0.723,4
0.536,0.396,0.288,0.219,0.171,0.09,0.072,0.06,0.051,0.046,0.089,0.11,0.14,0.163,0.176,2.333,5.79,12.955,26.018,46.032,1.152,1.863,2.819,3.993,5.36,0.008,0.005,0.004,0.003,0.002,0.975,0.938,0.862,0.727,0.532,4
0.628,0.508,0.4,0.302,0.22,0.116,0.098,0.083,0.072,0.064,0.075,0.09,0.112,0.131,0.142,1.275,2.718,5.893,12.565,25.512,0.833,1.259,1.87,2.763,4.013,0.014,0.01,0.007,0.005,0.004,0.982,0.962,0.916,0.818,0.61,4
0.48,0.384,0.302,0.236,0.193,0.09,0.077,0.067,0.06,0.056,0.103,0.12,0.146,0.168,0.175,3.266,6.264,11.632,22.058,36.116,1.375,1.925,2.663,3.688,4.695,0.008,0.006,0.005,0.004,0.003,0.964,0.93,0.871,0.752,0.588,4
0.585,0.5,0.403,0.306,0.21,0.107,0.095,0.083,0.072,0.064,0.081,0.094,0.113,0.13,0.139,1.636,2.823,5.364,11.12,25.22,0.961,1.288,1.804,2.63,4.039,0.011,0.009,0.007,0.005,0.004,0.983,0.97,0.941,0.875,0.704,4
0.367,0.252,0.168,0.109,0.084,0.046,0.037,0.03,0.025,0.023,0.228,0.277,0.349,0.408,0.428,8.234,22.217,54.494,118.27,212.451,2.164,3.57,5.669,8.568,11.707,0.002,0.001,0.001,0.001,0.001,0.982,0.951,0.879,0.736,0.523,4
0.469,0.337,0.233,0.164,0.123,0.058,0.046,0.038,0.032,0.029,0.165,0.203,0.264,0.323,0.349,3.251,8.216,20.469,49.182,99.887,1.406,2.269,3.608,5.551,7.817,0.003,0.002,0.001,0.001,0.001,0.991,0.977,0.944,0.868,0.742,4
0.555,0.478,0.389,0.298,0.205,0.095,0.084,0.073,0.064,0.056,0.075,0.086,0.104,0.123,0.141,1.992,3.468,6.25,12.22,27.546,1.07,1.415,1.929,2.732,4.159,0.009,0.007,0.005,0.004,0.003,0.975,0.956,0.921,0.843,0.637,4
0.523,0.46,0.407,0.335,0.268,0.103,0.095,0.089,0.083,0.077,0.089,0.097,0.107,0.117,0.118,2.451,3.633,5.464,9.297,17.723,1.193,1.473,1.799,2.353,3.222,0.011,0.009,0.008,0.007,0.006,0.969,0.955,0.933,0.893,0.821,4
